dataset,budget,seed,algo,theta,alpha,ratio,share_g,acc_unl,nmi_unl,f1_unl,acc_all,nmi_all,xb,iters,time_s,status,note
botswana,5,42,SOP-SSFCM_r0,0.99,7521.508617423168,75.97483451942601,0.9901326224513072,0.8407803650094399,0.8082625617612007,0.8378380001643077,0.8442118226600985,0.811076891209223,2.99602083437521,5.0,5.68,ok,
botswana,5,42,SOP-SSFCM_r1,0.99,7521.508617423168,75.97483451942601,0.9905600163411216,0.8892385147891756,0.8766085075407366,0.8866657639509873,0.8910098522167488,0.8779960402373179,4.442083240361709,5.0,48.39,ok,
botswana,5,42,SOP-SSFCM_r2,0.99,7521.508617423168,75.97483451942601,0.9902949796593256,0.8974197608558842,0.8957120172346698,0.8915215322463463,0.8987068965517241,0.8965237044458079,4.852479305781509,5.0,48.51,ok,
botswana,5,42,Softmax,,,,,0.8404657016991819,0.8082770268668942,0.8374237923593395,0.8439039408866995,0.8110863936615852,4.178471985689674,,6.92,ok,
botswana,5,43,SOP-SSFCM_r0,0.99,8039.158023740572,81.20361640141999,0.990070273251545,0.8794839521711768,0.8432328625838652,0.8784395403009807,0.8820812807881774,0.8456404920869699,2.179378242775252,5.0,5.6,ok,
botswana,5,43,SOP-SSFCM_r1,0.99,8039.158023740572,81.20361640141999,0.9908988088728564,0.919760855884204,0.9182908838852704,0.9112298428495642,0.9208743842364532,0.9186566040510028,2.579973917169149,5.0,55.94,ok,
botswana,5,43,SOP-SSFCM_r2,0.99,8039.158023740572,81.20361640141999,0.9907701150551312,0.907803650094399,0.9253273948699026,0.8928763392294702,0.9088669950738916,0.925541839782358,3.525127083815802,5.0,56.08,ok,
botswana,5,43,Softmax,,,,,0.8791692888609188,0.8424715913126118,0.8780944363267357,0.8817733990147784,0.8448930798676082,3.1872184383683,,7.74,ok,
botswana,5,44,SOP-SSFCM_r0,0.99,9721.556320663738,98.19753859256308,0.9923756854665888,0.868785399622404,0.8311769031801758,0.869492049615184,0.8716133004926109,0.8337896951704834,1.188012562442695,5.0,5.61,ok,
botswana,5,44,SOP-SSFCM_r1,0.99,9721.556320663738,98.19753859256308,0.9926682532801973,0.92196349905601,0.903120307010571,0.9151338632291998,0.9233374384236454,0.9043574386714164,1.252392690650095,5.0,22.56,ok,
botswana,5,44,SOP-SSFCM_r2,0.99,9721.556320663738,98.19753859256308,0.9925260668675098,0.9336060415355568,0.9204679111204018,0.9235699809771928,0.93442118226601,0.9211812894152602,1.4537874125162822,5.0,22.7,ok,
botswana,5,44,Softmax,,,,,0.8678414096916299,0.8301344123675598,0.8683955246613422,0.8706896551724138,0.832760049839127,1.6599975273702057,,14.32,ok,
botswana,5,45,SOP-SSFCM_r0,0.99,7582.691170296724,76.59284010400738,0.989931614370272,0.8580868470736313,0.816092435966002,0.8619192583041034,0.8611453201970444,0.8189720548114525,2.0986463175663506,5.0,5.59,ok,
botswana,5,45,SOP-SSFCM_r1,0.99,7582.691170296724,76.59284010400738,0.9903826658652302,0.9235368156073002,0.8975015857051377,0.9200254229775312,0.9248768472906403,0.8987564390587421,2.3641096722543744,5.0,40.35,ok,
botswana,5,45,SOP-SSFCM_r2,0.99,7582.691170296724,76.59284010400738,0.9902309031742124,0.9314033983637507,0.9194617704245036,0.92166872995132,0.9322660098522167,0.9200814078765968,2.52543832771527,5.0,40.48,ok,
botswana,5,45,Softmax,,,,,0.8580868470736313,0.8166066695846933,0.8619619773963231,0.8611453201970444,0.8194749457397855,2.8791434365765123,,8.2,ok,
botswana,5,46,SOP-SSFCM_r0,0.99,8004.511076870344,80.85364724111466,0.9907016405351626,0.8656387665198237,0.8289856539914288,0.8691751839572026,0.8685344827586207,0.8316160570838533,1.801743822331348,5.0,5.61,ok,
botswana,5,46,SOP-SSFCM_r1,0.99,8004.511076870344,80.85364724111466,0.9912811347467728,0.9150409062303336,0.8989647573422149,0.9132156819623052,0.916564039408867,0.9001000995105055,2.570145105325042,5.0,45.71,ok,
botswana,5,46,SOP-SSFCM_r2,0.99,8004.511076870344,80.85364724111466,0.9910961708197998,0.9109502831969792,0.9144631420230436,0.9038136812447756,0.9125615763546798,0.9154526256984884,3.2325566082545514,5.0,45.86,ok,
botswana,5,46,Softmax,,,,,0.8659534298300818,0.8291386641873908,0.869473664904354,0.8688423645320197,0.8317685227460152,2.557649568956488,,7.9,ok,
botswana,5,47,SOP-SSFCM_r0,0.99,8558.059160557726,86.4450420258357,0.9913607829535612,0.8873505349276274,0.846622984612445,0.8904243585618907,0.8897783251231527,0.8490854119283275,2.034273066263849,5.0,5.59,ok,
botswana,5,47,SOP-SSFCM_r1,0.99,8558.059160557726,86.4450420258357,0.9917819142240492,0.9301447451227188,0.915450746376786,0.9265426839332463,0.9310344827586208,0.9162404644614532,2.462007760545278,5.0,76.72,ok,
botswana,5,47,SOP-SSFCM_r2,0.99,8558.059160557726,86.4450420258357,0.991648815681938,0.9354940213971052,0.9263903595577015,0.9279505997711864,0.9359605911330048,0.926863863806369,3.0016611376076945,5.0,76.88,ok,
botswana,5,47,Softmax,,,,,0.8873505349276274,0.846622984612445,0.8904243585618907,0.8897783251231527,0.8490854119283275,3.106847447602888,,7.1,ok,
botswana,5,48,SOP-SSFCM_r0,0.99,7635.915804176003,77.13046266844454,0.9897579706820367,0.880427942101951,0.8411960130263629,0.8794663809091884,0.8830049261083743,0.8436670615010888,1.9318741954708192,5.0,5.61,ok,
botswana,5,48,SOP-SSFCM_r1,0.99,7635.915804176003,77.13046266844454,0.9904091401413574,0.9326620516047828,0.9117828519483464,0.9312560598632236,0.9334975369458128,0.912256912138056,2.59856316786567,5.0,124.47,ok,
botswana,5,48,SOP-SSFCM_r2,0.99,7635.915804176003,77.13046266844454,0.9902793168216246,0.9336060415355568,0.9204993827123136,0.9293800213098669,0.933805418719212,0.9207685768454508,3.642483365235192,5.0,124.52,ok,
botswana,5,48,Softmax,,,,,0.880427942101951,0.8411960130263629,0.8794663809091884,0.8830049261083743,0.8436670615010888,2.722998174885997,,7.59,ok,
botswana,5,49,SOP-SSFCM_r0,0.99,7535.275572644591,76.11389467317775,0.9898080334570012,0.8606041535556954,0.8243147722107143,0.8620290641343835,0.8636083743842364,0.8269874802666048,1.969329429360456,5.0,5.6,ok,
botswana,5,49,SOP-SSFCM_r1,0.99,7535.275572644591,76.11389467317775,0.9906998021927632,0.9065449968533668,0.9008765649904198,0.9055634537664085,0.9082512315270936,0.9020627695323769,2.5585575390784423,5.0,123.7,ok,
botswana,5,49,SOP-SSFCM_r2,0.99,7535.275572644591,76.11389467317775,0.9906652277465812,0.906859660163625,0.9112913057740144,0.9022848301272708,0.9082512315270936,0.9120859059976768,3.1660642533818883,5.0,123.7,ok,
botswana,5,49,Softmax,,,,,0.8606041535556954,0.8246465398346855,0.8618936254470559,0.8636083743842364,0.8273109646732465,2.867951874776565,,6.95,ok,
botswana,5,50,SOP-SSFCM_r0,0.99,8877.02158222532,89.6668846689427,0.9915140552445864,0.8502202643171806,0.8211906270220782,0.852090241452509,0.853448275862069,0.823870820030397,2.121293560888113,5.0,5.59,ok,
botswana,5,50,SOP-SSFCM_r1,0.99,8877.02158222532,89.6668846689427,0.9921084099602075,0.8964757709251101,0.8927429849227224,0.8965948235886525,0.8980911330049262,0.894042767834172,2.8254830940318474,5.0,120.72,ok,
botswana,5,50,SOP-SSFCM_r2,0.99,8877.02158222532,89.6668846689427,0.9920036932976678,0.8848332284455632,0.8971181120181582,0.8816936368158084,0.8854679802955665,0.8974948880585819,3.6118175276324864,5.0,120.86,ok,
botswana,5,50,Softmax,,,,,0.8495909376966646,0.8199055067998637,0.8512214160914071,0.8528325123152709,0.8226060939990012,2.91034849834574,,8.15,ok,
botswana,5,51,SOP-SSFCM_r0,0.99,8588.482801470956,86.75235153000973,0.9914832893393364,0.8731906859660163,0.8305786448137865,0.8732661116966272,0.8759236453201971,0.8332465100095935,1.6530523822334755,5.0,5.61,ok,
botswana,5,51,SOP-SSFCM_r1,0.99,8588.482801470956,86.75235153000973,0.9918644631429988,0.9326620516047828,0.907421659457793,0.9318452507816892,0.9341133004926108,0.9089195127118208,2.054570026117517,5.0,121.61,ok,
botswana,5,51,SOP-SSFCM_r2,0.99,8588.482801470956,86.75235153000973,0.9916776450950556,0.948395217117684,0.9312384366120698,0.9474641359912628,0.9491995073891626,0.9320223040105072,2.4212266069973367,5.0,121.8,ok,
botswana,5,51,Softmax,,,,,0.8725613593455003,0.8300278676717053,0.8724177375369411,0.875307881773399,0.8327011371398899,2.3113358375470816,,5.14,ok,
botswana,10,42,SOP-SSFCM_r0,0.99,7133.007057668351,72.05057634008442,0.9885876437346842,0.8947876447876448,0.8569866065070125,0.8992088893442417,0.8993226600985221,0.8616381915357654,2.208751619445199,5.0,7.66,ok,
botswana,10,42,SOP-SSFCM_r1,0.99,7133.007057668351,72.05057634008442,0.9893098698060316,0.9433719433719434,0.9224459404162572,0.938468673420121,0.9455049261083744,0.9246848693300028,2.8160177699131204,5.0,8.0,ok,
botswana,10,42,SOP-SSFCM_r2,0.99,7133.007057668351,72.05057634008442,0.9891197400368176,0.9475546975546976,0.9346414885205117,0.939439766959435,0.9491995073891626,0.9361360948983724,2.902408457929037,5.0,8.08,ok,
botswana,10,42,Softmax,,,,,0.8944658944658944,0.856747465432318,0.8988590394986861,0.8990147783251231,0.8614038274411723,3.162312871183925,,6.96,ok,
botswana,10,43,SOP-SSFCM_r0,0.99,7393.99811798291,74.68684967659512,0.989455164654704,0.9009009009009008,0.8625961864891736,0.9041165914218542,0.9051724137931034,0.8670824544654875,2.7598366868468287,5.0,7.71,ok,
botswana,10,43,SOP-SSFCM_r1,0.99,7393.99811798291,74.68684967659512,0.9901925425529952,0.945945945945946,0.9318771767429648,0.9446549623562358,0.9470443349753694,0.9326678610215304,4.0478012884114944,5.0,8.01,ok,
botswana,10,43,SOP-SSFCM_r2,0.99,7393.99811798291,74.68684967659512,0.9899739970600367,0.9362934362934364,0.9333875599029618,0.9312595297420236,0.9375,0.9342042340048896,4.234069846519525,5.0,8.08,ok,
botswana,10,43,Softmax,,,,,0.9005791505791506,0.8624574201294237,0.903802692869169,0.9048645320197044,0.8669438675157218,3.812188291241828,,6.98,ok,
botswana,10,44,SOP-SSFCM_r0,0.99,7443.225591975165,75.1840968886381,0.9891713462523964,0.8857786357786358,0.8484521707532279,0.8895925780342377,0.8907019704433498,0.8533149833411655,1.8744714333593968,5.0,7.7,ok,
botswana,10,44,SOP-SSFCM_r1,0.99,7443.225591975165,75.1840968886381,0.9900920180943068,0.9485199485199484,0.9292430533147772,0.9466293029241288,0.9495073891625616,0.9303211183461308,2.0853285204282472,5.0,8.1,ok,
botswana,10,44,SOP-SSFCM_r2,0.99,7443.225591975165,75.1840968886381,0.9899483570960792,0.955920205920206,0.9393481931864476,0.951056788026398,0.9559729064039408,0.9395725081632108,2.377936472270348,5.0,8.1,ok,
botswana,10,44,Softmax,,,,,0.8857786357786358,0.8484521707532279,0.8895925780342377,0.8907019704433498,0.8533149833411655,2.660564893956156,,6.97,ok,
botswana,10,45,SOP-SSFCM_r0,0.99,7376.3398319132175,74.50848315063863,0.9895127429519018,0.9134491634491636,0.8719343501484571,0.919505258908472,0.917179802955665,0.8762766175603448,1.7548522261591877,5.0,7.68,ok,
botswana,10,45,SOP-SSFCM_r1,0.99,7376.3398319132175,74.50848315063863,0.9901141462441868,0.9565637065637066,0.9366062909268584,0.9582169119481536,0.9572044334975368,0.937637557552918,2.47627070229319,5.0,7.98,ok,
botswana,10,45,SOP-SSFCM_r2,0.99,7376.3398319132175,74.50848315063863,0.9898807070369564,0.953989703989704,0.9423475647948162,0.9522017252186764,0.9544334975369458,0.9430070573188496,2.7257940337041724,5.0,8.07,ok,
botswana,10,45,Softmax,,,,,0.9137709137709138,0.8725561642668794,0.9198112276824296,0.917487684729064,0.8768765207388072,2.524663153866276,,6.95,ok,
botswana,10,46,SOP-SSFCM_r0,0.99,7512.188134357811,75.88068822583654,0.988324499635191,0.896074646074646,0.8600861752127242,0.8961057008452956,0.9005541871921182,0.8645241253955654,1.8861790350135552,5.0,7.7,ok,
botswana,10,46,SOP-SSFCM_r1,0.99,7512.188134357811,75.88068822583654,0.9892620752019314,0.9333976833976834,0.9194710667113886,0.9273554869244734,0.9350369458128078,0.9211339787773584,2.057934226451468,5.0,8.02,ok,
botswana,10,46,SOP-SSFCM_r2,0.99,7512.188134357811,75.88068822583654,0.9891532286359412,0.9308236808236808,0.9298468542643646,0.9197660074158264,0.9319581280788176,0.9307841636864173,2.156217523167446,5.0,8.08,ok,
botswana,10,46,Softmax,,,,,0.8957528957528957,0.8595895175674493,0.8957727858200899,0.9002463054187192,0.8640434637762174,2.680005673550556,,6.95,ok,
botswana,10,47,SOP-SSFCM_r0,0.99,7380.008481663351,74.54554021882178,0.988462365625024,0.8944658944658944,0.8576946091818682,0.899178363263391,0.8990147783251231,0.8623065725722537,2.582737003008607,5.0,7.68,ok,
botswana,10,47,SOP-SSFCM_r1,0.99,7380.008481663351,74.54554021882178,0.9894379237258946,0.9517374517374516,0.9396837948163556,0.9525757921751506,0.9525862068965516,0.9407639630782502,3.0430383211673133,5.0,8.12,ok,
botswana,10,47,SOP-SSFCM_r2,0.99,7380.008481663351,74.54554021882178,0.9893901206563972,0.9523809523809524,0.949330232455738,0.9501798682543856,0.9532019704433498,0.949914480961859,2.632612657461665,5.0,8.21,ok,
botswana,10,47,Softmax,,,,,0.8944658944658944,0.8576946091818682,0.899178363263391,0.8990147783251231,0.8623065725722537,3.624207926270015,,6.96,ok,
botswana,10,48,SOP-SSFCM_r0,0.99,6824.541130921244,68.93475889819445,0.9879378657551686,0.8915701415701416,0.8509488813967455,0.8934765007095403,0.896243842364532,0.8557843343889247,1.520813831435678,5.0,7.68,ok,
botswana,10,48,SOP-SSFCM_r1,0.99,6824.541130921244,68.93475889819445,0.9888046428075692,0.937902187902188,0.9191936848929272,0.9336750889042692,0.939347290640394,0.9203784031748397,1.7479300113636131,5.0,8.14,ok,
botswana,10,48,SOP-SSFCM_r2,0.99,6824.541130921244,68.93475889819445,0.9886685995552932,0.9382239382239382,0.9293573800860552,0.929387336272708,0.9396551724137931,0.9302702626074032,1.927346850862524,5.0,8.23,ok,
botswana,10,48,Softmax,,,,,0.8918918918918919,0.8511258078861323,0.8937221810062207,0.896551724137931,0.8559576865269246,2.17585495587733,,6.94,ok,
botswana,10,49,SOP-SSFCM_r0,0.99,7455.923975629798,75.31236339020005,0.98865303125655,0.9009009009009008,0.8561585884420072,0.9057606260609188,0.9051724137931034,0.8609605275849473,2.557402836857128,5.0,7.65,ok,
botswana,10,49,SOP-SSFCM_r1,0.99,7455.923975629798,75.31236339020005,0.9898130660645272,0.954954954954955,0.9382465069233084,0.9522081427500576,0.9565886699507388,0.9400110647645414,3.098598522421434,5.0,8.0,ok,
botswana,10,49,SOP-SSFCM_r2,0.99,7455.923975629798,75.31236339020005,0.9896917642564068,0.9523809523809524,0.9394977580296798,0.9460960061601996,0.9532019704433498,0.9400061686326616,3.0020163210069524,5.0,8.11,ok,
botswana,10,49,Softmax,,,,,0.9005791505791506,0.8559090035860369,0.9054950365715344,0.9048645320197044,0.8607172852986611,3.674114680586732,,6.9,ok,
botswana,10,50,SOP-SSFCM_r0,0.99,6984.224801642528,70.54772526911651,0.9881486768625232,0.8941441441441441,0.8516040624775494,0.8942711251580617,0.8987068965517241,0.8563801223020474,2.42178751653738,5.0,7.68,ok,
botswana,10,50,SOP-SSFCM_r1,0.99,6984.224801642528,70.54772526911651,0.988834929603546,0.946911196911197,0.934737322770671,0.9421605857433528,0.9491995073891626,0.9366660098921604,2.9700279888174976,5.0,8.1,ok,
botswana,10,50,SOP-SSFCM_r2,0.99,6984.224801642528,70.54772526911651,0.9886384441140228,0.9436936936936936,0.9388689369253964,0.9341370999208484,0.9455049261083744,0.9400156869595864,3.382165283606348,5.0,8.25,ok,
botswana,10,50,Softmax,,,,,0.8941441441441441,0.8516040624775494,0.8942711251580617,0.8987068965517241,0.8563801223020474,3.4851043254726912,,6.92,ok,
botswana,10,51,SOP-SSFCM_r0,0.99,7319.354445567271,73.93287318754825,0.988989519962094,0.8741956241956242,0.8325816513483733,0.8795389835934257,0.8796182266009852,0.8379869156640497,1.7497379083601614,5.0,7.69,ok,
botswana,10,51,SOP-SSFCM_r1,0.99,7319.354445567271,73.93287318754825,0.9898072232544656,0.9202059202059202,0.9018368851806792,0.9194185105497574,0.9233374384236454,0.9046635285807476,1.9507790280327413,5.0,8.14,ok,
botswana,10,51,SOP-SSFCM_r2,0.99,7319.354445567271,73.93287318754825,0.9896459934204352,0.9211711711711712,0.9069919978755728,0.9165107275456452,0.9236453201970444,0.9091496061082608,2.413066839275652,5.0,8.27,ok,
botswana,10,51,Softmax,,,,,0.8738738738738738,0.831999569782055,0.8790270544216829,0.8793103448275862,0.8374228003911105,2.563867156183999,,6.91,ok,
botswana,20,42,SOP-SSFCM_r0,0.99,6368.261899382039,64.3258777715358,0.9858473741643632,0.912398921832884,0.8706325542663159,0.9165122242887966,0.9196428571428572,0.8791880931468685,1.804346722337924,5.0,11.82,ok,
botswana,20,42,SOP-SSFCM_r1,0.99,6368.261899382039,64.3258777715358,0.9871733598129186,0.9693396226415094,0.9496537727608356,0.9691703518051764,0.9701354679802956,0.950784926973889,1.713118937376233,5.0,12.13,ok,
botswana,20,42,SOP-SSFCM_r2,0.99,6368.261899382039,64.3258777715358,0.9869604167355456,0.9673180592991912,0.9568298430187884,0.9634312878968188,0.9685960591133004,0.958096095566106,1.965869224287228,5.0,12.21,ok,
botswana,20,42,Softmax,,,,,0.9117250673854448,0.8696349644261827,0.9159054866416256,0.9190270935960592,0.878259204019873,2.6197532181057595,,10.57,ok,
botswana,20,43,SOP-SSFCM_r0,0.99,6513.776855123096,65.79572580932425,0.9868616692068652,0.9097035040431268,0.8719117398350136,0.915407324910829,0.917179802955665,0.880314702421164,2.197612017018491,5.0,11.83,ok,
botswana,20,43,SOP-SSFCM_r1,0.99,6513.776855123096,65.79572580932425,0.9877909834442832,0.9622641509433962,0.9441341315578422,0.9605365362888646,0.9639778325123152,0.9465383638700416,2.277172491719614,5.0,11.85,ok,
botswana,20,43,SOP-SSFCM_r2,0.99,6513.776855123096,65.79572580932425,0.987543356962842,0.9673180592991912,0.9581396131374662,0.9618796323969024,0.9673645320197044,0.9573605799344952,2.417603329181795,5.0,11.92,ok,
botswana,20,43,Softmax,,,,,0.9097035040431268,0.8719117398350136,0.915407324910829,0.917179802955665,0.880314702421164,3.0942207559356194,,10.53,ok,
botswana,20,44,SOP-SSFCM_r0,0.99,6299.409908270892,63.63040311384745,0.9848074275196248,0.9127358490566038,0.8776824099314827,0.9138635534492452,0.9202586206896552,0.8857868581261167,2.0582466121372245,5.0,11.8,ok,
botswana,20,44,SOP-SSFCM_r1,0.99,6299.409908270892,63.63040311384745,0.9858630850269946,0.9393530997304582,0.9247104179354512,0.9366508126965892,0.9421182266009852,0.9271816471169596,2.2083554023404672,5.0,11.84,ok,
botswana,20,44,SOP-SSFCM_r2,0.99,6299.409908270892,63.63040311384745,0.9856699257061168,0.9400269541778976,0.934274490531799,0.9325058011703754,0.9408866995073892,0.9344867144380112,2.43852159294866,5.0,11.92,ok,
botswana,20,44,Softmax,,,,,0.9120619946091644,0.876131628698136,0.9127589045747188,0.9196428571428572,0.8843382557867859,2.799773016617291,,10.59,ok,
botswana,20,45,SOP-SSFCM_r0,0.99,6141.139395770206,62.03171106838597,0.9855546053083362,0.908355795148248,0.8680735957512705,0.9134423805648616,0.915948275862069,0.8765560701864783,1.834994484156673,5.0,11.78,ok,
botswana,20,45,SOP-SSFCM_r1,0.99,6141.139395770206,62.03171106838597,0.9868947987304308,0.9622641509433962,0.9461328723618668,0.9582796857577192,0.9642857142857144,0.9482983726931928,1.8981250695070984,5.0,11.84,ok,
botswana,20,45,SOP-SSFCM_r2,0.99,6141.139395770206,62.03171106838597,0.9867116056093216,0.962601078167116,0.9509024338622568,0.9551719394865328,0.9639778325123152,0.9521886899556414,1.9989256457124047,5.0,11.92,ok,
botswana,20,45,Softmax,,,,,0.9090296495956872,0.8687621585906233,0.914076865836448,0.916564039408867,0.8772065883162996,2.53665807653602,,10.55,ok,
botswana,20,46,SOP-SSFCM_r0,0.99,6492.376287220316,65.57955845677093,0.985731239572278,0.9076819407008088,0.8714828754192078,0.9107862395488536,0.9153325123152708,0.8797177680487115,1.580872147159865,5.0,11.76,ok,
botswana,20,46,SOP-SSFCM_r1,0.99,6492.376287220316,65.57955845677093,0.9867793126036756,0.9585579514824798,0.9402611946515288,0.9569202895819968,0.9608990147783252,0.943159565829816,2.131968708636566,5.0,11.86,ok,
botswana,20,46,SOP-SSFCM_r2,0.99,6492.376287220316,65.57955845677093,0.9865572040495336,0.9615902964959568,0.9513378844224424,0.957003734917735,0.9621305418719212,0.9522242076739268,2.215380795141132,5.0,11.95,ok,
botswana,20,46,Softmax,,,,,0.907345013477089,0.8705561027360835,0.9104715748811604,0.915024630541872,0.8788628568611974,2.1506677977957462,,10.71,ok,
botswana,20,47,SOP-SSFCM_r0,0.99,6081.993880383116,61.43428162003153,0.9844896452552492,0.9120619946091644,0.867906263084359,0.9135811640348482,0.9196428571428572,0.8768455859004025,2.128971430165016,5.0,11.84,ok,
botswana,20,47,SOP-SSFCM_r1,0.99,6081.993880383116,61.43428162003153,0.9858570954669554,0.9659703504043128,0.9507731221561012,0.9648114492373884,0.9679802955665024,0.9530510156038056,2.5572313910976967,5.0,11.95,ok,
botswana,20,47,SOP-SSFCM_r2,0.99,6081.993880383116,61.43428162003153,0.985688557077364,0.967654986522911,0.9591302170654948,0.9625046049531762,0.9685960591133004,0.9601460536346108,3.102788301079381,5.0,12.02,ok,
botswana,20,47,Softmax,,,,,0.912398921832884,0.8681954037840064,0.9138734089636904,0.919950738916256,0.8771183186402778,2.983888453731552,,10.7,ok,
botswana,20,48,SOP-SSFCM_r0,0.99,6357.975992705824,64.2219797243013,0.9855649549892116,0.9110512129380054,0.8695092074034942,0.9133491836152344,0.9184113300492612,0.878011832766099,2.759042078943897,5.0,11.9,ok,
botswana,20,48,SOP-SSFCM_r1,0.99,6357.975992705824,64.2219797243013,0.9868117242576102,0.9524932614555256,0.9335987304270228,0.9496605981784516,0.9559729064039408,0.937390006121022,3.2324930847159754,5.0,11.9,ok,
botswana,20,48,SOP-SSFCM_r2,0.99,6357.975992705824,64.2219797243013,0.9866057707508108,0.9568733153638814,0.9497754484191738,0.949794325808734,0.958128078817734,0.9508045949805364,3.5245462441532966,5.0,11.98,ok,
botswana,20,48,Softmax,,,,,0.9110512129380054,0.8695092074034942,0.9133491836152344,0.9184113300492612,0.878011832766099,3.83254038743724,,10.53,ok,
botswana,20,49,SOP-SSFCM_r0,0.99,6357.366995641939,64.21582823880752,0.986976587494902,0.9181266846361186,0.8759196841027037,0.9237337236480826,0.9248768472906403,0.8840457568656136,2.0826259618766985,5.0,11.73,ok,
botswana,20,49,SOP-SSFCM_r1,0.99,6357.366995641939,64.21582823880752,0.9877335252326755,0.9659703504043128,0.9489526895077814,0.9619763450719112,0.9664408866995072,0.9496027176713008,2.35953857740173,5.0,11.9,ok,
botswana,20,49,SOP-SSFCM_r2,0.99,6357.366995641939,64.21582823880752,0.98736957892432,0.9649595687331536,0.954235178350359,0.956558901789076,0.9655172413793104,0.9547873614604556,2.718438126375785,5.0,11.98,ok,
botswana,20,49,Softmax,,,,,0.9177897574123988,0.8753159755855529,0.9227474700501156,0.9245689655172412,0.8834687612979418,2.9851548434895148,,10.65,ok,
botswana,20,50,SOP-SSFCM_r0,0.99,6565.029475401259,66.31342904445722,0.9862726004603468,0.9248652291105122,0.8877868756118628,0.9298183642900646,0.9313423645320196,0.8954879514228331,1.681292227102226,5.0,11.82,ok,
botswana,20,50,SOP-SSFCM_r1,0.99,6565.029475401259,66.31342904445722,0.9872669778380668,0.9622641509433962,0.9464132529177328,0.9591008237522076,0.9627463054187192,0.9473481737773995,1.9841866661537595,5.0,12.02,ok,
botswana,20,50,SOP-SSFCM_r2,0.99,6565.029475401259,66.31342904445722,0.9870562827367894,0.9588948787061996,0.9494954880856148,0.9509441689848076,0.959975369458128,0.950547283228794,2.6820157037556323,5.0,12.09,ok,
botswana,20,50,Softmax,,,,,0.9248652291105122,0.8877868756118628,0.9298183642900646,0.9313423645320196,0.8954879514228331,2.4065062138526203,,10.62,ok,
botswana,20,51,SOP-SSFCM_r0,0.99,6825.35693744664,68.94299936814794,0.9874342229665516,0.914420485175202,0.8732175461479905,0.921141679639767,0.9211822660098522,0.8813931815440738,2.0341771048115453,5.0,11.85,ok,
botswana,20,51,SOP-SSFCM_r1,0.99,6825.35693744664,68.94299936814794,0.9883894116214174,0.9592318059299192,0.943270176223832,0.9588421893564768,0.9608990147783252,0.9450337185519792,2.2875023890436874,5.0,11.92,ok,
botswana,20,51,SOP-SSFCM_r2,0.99,6825.35693744664,68.94299936814794,0.9881967621854676,0.9575471698113208,0.94466691705453,0.954370235097204,0.958128078817734,0.945325653699132,3.165389637564362,5.0,11.99,ok,
botswana,20,51,Softmax,,,,,0.9140835579514824,0.8729690769728031,0.920868245884542,0.9208743842364532,0.8811605522301805,3.0728600050084567,,10.62,ok,
botswana,40,42,SOP-SSFCM_r0,0.99,6259.568739758618,63.22796706826893,0.9842135413987804,0.9345238095238096,0.9012622984887296,0.9367501344965644,0.9451970443349754,0.9144571935995252,2.369801403071667,5.0,19.82,ok,
botswana,40,42,SOP-SSFCM_r1,0.99,6259.568739758618,63.22796706826893,0.9855242163664782,0.9761904761904762,0.96378256287346,0.9746849964320092,0.978756157635468,0.967217617265849,2.515033622866796,5.0,20.23,ok,
botswana,40,42,SOP-SSFCM_r2,0.99,6259.568739758618,63.22796706826893,0.9853178158603972,0.9739583333333334,0.9647713355429518,0.9712987714226315,0.9750615763546798,0.9658840516624738,2.581399017599926,5.0,20.32,ok,
botswana,40,42,Softmax,,,,,0.9345238095238096,0.9012622984887296,0.9367501344965644,0.9451970443349754,0.9144571935995252,3.338518253270633,,17.79,ok,
botswana,40,43,SOP-SSFCM_r0,0.99,5959.93037655378,60.20131693488671,0.983733685411609,0.933407738095238,0.901072670054924,0.9366469683509016,0.9439655172413792,0.91346707983079,1.980430266663065,5.0,19.83,ok,
botswana,40,43,SOP-SSFCM_r1,0.99,5959.93037655378,60.20131693488671,0.9849865290025744,0.9627976190476192,0.9498410689871538,0.9612580250978956,0.9664408866995072,0.9537929403910332,2.0995666140040914,5.0,20.07,ok,
botswana,40,43,SOP-SSFCM_r2,0.99,5959.93037655378,60.20131693488671,0.9847082313998178,0.9627976190476192,0.9520046827398916,0.9596045428180212,0.9639778325123152,0.9524462052062812,2.320443269570245,5.0,20.21,ok,
botswana,40,43,Softmax,,,,,0.933407738095238,0.901072670054924,0.9366469683509016,0.9439655172413792,0.91346707983079,2.652591940122018,,17.79,ok,
botswana,40,44,SOP-SSFCM_r0,0.99,6260.263454268516,63.23498438655072,0.9836754254464772,0.9326636904761904,0.8968634997074514,0.9367769723299172,0.9430418719211824,0.9096752946826532,3.3016133484914407,5.0,19.81,ok,
botswana,40,44,SOP-SSFCM_r1,0.99,6260.263454268516,63.23498438655072,0.9851110790177784,0.9739583333333334,0.9590700035691634,0.9738567768094936,0.9753694581280788,0.9612159402786496,3.77257717578858,5.0,20.11,ok,
botswana,40,44,SOP-SSFCM_r2,0.99,6260.263454268516,63.23498438655072,0.9848445632546328,0.9706101190476192,0.9590989212363136,0.9678922304725868,0.9716748768472906,0.9603227218444365,4.078450525400975,5.0,20.21,ok,
botswana,40,44,Softmax,,,,,0.9326636904761904,0.8968634997074514,0.9367769723299172,0.9433497536945812,0.9104569388862632,4.537055895350993,,17.78,ok,
botswana,40,45,SOP-SSFCM_r0,0.99,6392.333733138124,64.56902760745585,0.9851638415032732,0.9326636904761904,0.8953016754109485,0.9359462908708256,0.9430418719211824,0.9088982053852424,2.6071811398504794,5.0,19.78,ok,
botswana,40,45,SOP-SSFCM_r1,0.99,6392.333733138124,64.56902760745585,0.9862272094445949,0.965029761904762,0.9489831593501024,0.9614706182007132,0.9685960591133004,0.9534960422396496,3.3209626606023224,5.0,20.19,ok,
botswana,40,45,SOP-SSFCM_r2,0.99,6392.333733138124,64.56902760745585,0.9858604691456476,0.965029761904762,0.9535328521035557,0.960226884085488,0.9658251231527094,0.9549588341232532,4.192030991812212,5.0,20.27,ok,
botswana,40,45,Softmax,,,,,0.9330357142857144,0.8962295845223405,0.9362589342132052,0.9433497536945812,0.909678667143383,3.8810317803363135,,17.76,ok,
botswana,40,46,SOP-SSFCM_r0,0.99,6150.539386635941,62.12666047107017,0.9840324500882376,0.9322916666666666,0.8940673020062044,0.936925825452798,0.9433497536945812,0.9084091867064802,2.734059924959356,5.0,19.78,ok,
botswana,40,46,SOP-SSFCM_r1,0.99,6150.539386635941,62.12666047107017,0.985076743555108,0.9828869047619048,0.9707091031563948,0.9807445575700692,0.9849137931034484,0.9735863253311282,2.9934732462331968,5.0,20.21,ok,
botswana,40,46,SOP-SSFCM_r2,0.99,6150.539386635941,62.12666047107017,0.9847679298524769,0.9787946428571428,0.969147129520316,0.975528946466142,0.979987684729064,0.970487241201932,3.0250722094965807,5.0,20.32,ok,
botswana,40,46,Softmax,,,,,0.9319196428571428,0.893782167666056,0.9366188154759096,0.9430418719211824,0.9081540549070762,3.7972109268637286,,17.68,ok,
botswana,40,47,SOP-SSFCM_r0,0.99,6191.942692420637,62.54487568101659,0.9838101139727184,0.9360119047619048,0.8998773013264003,0.9381889658260644,0.9455049261083744,0.9121777142551822,3.283087497381896,5.0,19.82,ok,
botswana,40,47,SOP-SSFCM_r1,0.99,6191.942692420637,62.54487568101659,0.9851956764170896,0.9739583333333334,0.962552197871134,0.9738989996692176,0.975677339901478,0.9641296868225429,3.250832967956488,5.0,20.79,ok,
botswana,40,47,SOP-SSFCM_r2,0.99,6191.942692420637,62.54487568101659,0.9850848980068444,0.9702380952380952,0.9604825444342991,0.9663158778345686,0.9722906403940886,0.9621325026241097,3.1857850287115324,5.0,20.86,ok,
botswana,40,47,Softmax,,,,,0.9356398809523808,0.8993451171286989,0.9378744807360568,0.9451970443349754,0.911740935155564,4.45530405561677,,17.78,ok,
botswana,40,48,SOP-SSFCM_r0,0.99,6069.026861260854,61.30330162889757,0.9837122085109542,0.933407738095238,0.898598326906297,0.9355247568565151,0.9436576354679804,0.9117080769412954,2.04280205910085,5.0,19.9,ok,
botswana,40,48,SOP-SSFCM_r1,0.99,6069.026861260854,61.30330162889757,0.985036683421262,0.9694940476190476,0.9561633993837946,0.9663366673893552,0.9725985221674875,0.9596879327319237,2.567801627859504,5.0,20.93,ok,
botswana,40,48,SOP-SSFCM_r2,0.99,6069.026861260854,61.30330162889757,0.9847438630966276,0.9654017857142856,0.9564844264578516,0.9591577883246508,0.9682881773399016,0.959178063644208,2.8541353161768988,5.0,21.01,ok,
botswana,40,48,Softmax,,,,,0.933407738095238,0.898598326906297,0.9355247568565151,0.9436576354679804,0.9117080769412954,2.83143211509986,,17.71,ok,
botswana,40,49,SOP-SSFCM_r0,0.99,6178.2405944171,62.40647065067783,0.9849956047145608,0.9438244047619048,0.9129053533091088,0.9477020359309032,0.9528940886699508,0.9246490437163644,2.3704613661435547,5.0,19.86,ok,
botswana,40,49,SOP-SSFCM_r1,0.99,6178.2405944171,62.40647065067783,0.9861641881530464,0.9780505952380952,0.9653449571575932,0.9780814864929502,0.979679802955665,0.96783409509288,2.817135058947847,5.0,20.84,ok,
botswana,40,49,SOP-SSFCM_r2,0.99,6178.2405944171,62.40647065067783,0.985836443876104,0.9758184523809524,0.9676052846225826,0.9727704019404102,0.976293103448276,0.9675137024694888,2.9214519424206835,5.0,20.94,ok,
botswana,40,49,Softmax,,,,,0.9438244047619048,0.9129053533091088,0.9477020359309032,0.9528940886699508,0.9246490437163644,3.267548213073028,,17.67,ok,
botswana,40,50,SOP-SSFCM_r0,0.99,6211.301757290576,62.74042179081395,0.9842824914541768,0.9252232142857144,0.8872181958600844,0.9276937409731606,0.936884236453202,0.9016722047510952,2.3155651774780543,5.0,19.81,ok,
botswana,40,50,SOP-SSFCM_r1,0.99,6211.301757290576,62.74042179081395,0.9853756095244044,0.9739583333333334,0.9587106730432582,0.9731232379494528,0.9750615763546798,0.9606811531238983,3.1465245590439626,5.0,20.8,ok,
botswana,40,50,SOP-SSFCM_r2,0.99,6211.301757290576,62.74042179081395,0.985072777654452,0.9676339285714286,0.9548272832718244,0.9634857450399708,0.9701354679802956,0.9578711701456254,4.088744083756776,5.0,20.95,ok,
botswana,40,50,Softmax,,,,,0.9248511904761904,0.8866634920475075,0.9272816402056744,0.9365763546798028,0.9011906490451904,3.4141656436441328,,17.76,ok,
botswana,40,51,SOP-SSFCM_r0,0.99,6025.678991301276,60.8654443565786,0.983167902568124,0.9244791666666666,0.8845052801301623,0.929042368088365,0.936884236453202,0.8999655964235997,2.5187166498314326,5.0,19.8,ok,
botswana,40,51,SOP-SSFCM_r1,0.99,6025.678991301276,60.8654443565786,0.9845803754273628,0.9706101190476192,0.9570878771234936,0.9721809858909848,0.9741379310344828,0.9613847405299658,2.6584951597679662,5.0,21.02,ok,
botswana,40,51,SOP-SSFCM_r2,0.99,6025.678991301276,60.8654443565786,0.9843553243298644,0.9676339285714286,0.9554826210740685,0.9680387907574411,0.9704433497536946,0.9586738719812038,3.0339802365233908,5.0,21.1,ok,
botswana,40,51,Softmax,,,,,0.9244791666666666,0.8845052801301623,0.929042368088365,0.936884236453202,0.8999655964235997,3.4231869241375588,,17.89,ok,
botswana,60,42,SOP-SSFCM_r0,0.99,6050.77938559316,61.11898369286025,0.983167243931138,0.9294019933554816,0.8959144499374112,0.9347018111615404,0.9467364532019704,0.9173035510810764,2.3575255114948943,5.0,29.74,ok,
botswana,60,42,SOP-SSFCM_r1,0.99,6050.77938559316,61.11898369286025,0.9842089044071092,0.9717607973421928,0.9570306549528992,0.972323134248918,0.976293103448276,0.9634049069654248,2.446879577098955,5.0,79.57,ok,
botswana,60,42,SOP-SSFCM_r2,0.99,6050.77938559316,61.11898369286025,0.9837844100132452,0.971345514950166,0.9583125580010212,0.970557799047186,0.9750615763546798,0.962753007847957,2.818742060945327,5.0,79.65,ok,
botswana,60,42,Softmax,,,,,0.9294019933554816,0.8959144499374112,0.9347018111615404,0.9467364532019704,0.9173035510810764,3.1255858553552542,,26.78,ok,
botswana,60,43,SOP-SSFCM_r0,0.99,6113.682408933806,61.7543677670082,0.9823685608060791,0.9393687707641196,0.9019276245314238,0.9389709460253668,0.9535098522167488,0.9217282371637096,3.403102848480429,5.0,29.59,ok,
botswana,60,43,SOP-SSFCM_r1,0.99,6113.682408933806,61.7543677670082,0.9838463995851668,0.9800664451827242,0.9707043649312972,0.9699924670975932,0.9821428571428572,0.9728333278136132,3.4821211597647515,5.0,59.94,ok,
botswana,60,43,SOP-SSFCM_r2,0.99,6113.682408933806,61.7543677670082,0.9835028771590454,0.9717607973421928,0.9649234526499813,0.9571015784641396,0.9735221674876848,0.9653605148908626,3.642401692092637,5.0,59.99,ok,
botswana,60,43,Softmax,,,,,0.9393687707641196,0.9019276245314238,0.9389709460253668,0.9538177339901478,0.922042231762464,4.705240044354477,,26.71,ok,
botswana,60,44,SOP-SSFCM_r0,0.99,6021.435210136234,60.822577880164026,0.9824457940447704,0.9364617940199336,0.9015585509631366,0.9404603961509488,0.9513546798029556,0.9211091776271496,2.756117540429457,5.0,29.63,ok,
botswana,60,44,SOP-SSFCM_r1,0.99,6021.435210136234,60.822577880164026,0.9838282795244122,0.978405315614618,0.9676800806110532,0.9744212654988826,0.9809113300492612,0.9708676563542272,3.277599957688415,5.0,35.12,ok,
botswana,60,44,SOP-SSFCM_r2,0.99,6021.435210136234,60.822577880164026,0.9834283872682672,0.9746677740863788,0.96587888030429,0.9704846019384874,0.9772167487684728,0.9686954358466002,3.791028823598098,5.0,35.19,ok,
botswana,60,44,Softmax,,,,,0.936046511627907,0.9012132692375298,0.9401014168555774,0.9510467980295566,0.9208217757750462,3.771183945296913,,26.65,ok,
botswana,60,45,SOP-SSFCM_r0,0.99,5929.298819328669,59.89190726594621,0.9820988122796308,0.9422757475083056,0.9066387664497652,0.9451210019267032,0.955665024630542,0.9255694269331364,2.6821225874638865,5.0,29.73,ok,
botswana,60,45,SOP-SSFCM_r1,0.99,5929.298819328669,59.89190726594621,0.9836783856850414,0.9833887043189368,0.9736806559781148,0.9813182250176864,0.9846059113300492,0.974840530408602,3.4045047612064203,5.0,35.48,ok,
botswana,60,45,SOP-SSFCM_r2,0.99,5929.298819328669,59.89190726594621,0.9834796111424478,0.9829734219269104,0.9749651876153632,0.9799543012669504,0.9833743842364532,0.9748675802181384,3.778112715768691,5.0,35.45,ok,
botswana,60,45,Softmax,,,,,0.9422757475083056,0.9066387664497652,0.9451210019267032,0.955665024630542,0.9255694269331364,3.673436973411659,,26.61,ok,
botswana,60,46,SOP-SSFCM_r0,0.99,5869.657175654402,59.28946642075159,0.9816042820681042,0.9418604651162792,0.9081351965877617,0.9399988095579636,0.9547413793103448,0.9256329017655552,2.362838041861863,5.0,29.76,ok,
botswana,60,46,SOP-SSFCM_r1,0.99,5869.657175654402,59.28946642075159,0.9829092469001643,0.978405315614618,0.9672592464184532,0.97350284245638,0.9815270935960592,0.9705315107424932,2.9166274198690005,5.0,34.85,ok,
botswana,60,46,SOP-SSFCM_r2,0.99,5869.657175654402,59.28946642075159,0.9825321105023608,0.9788205980066446,0.9725625200917584,0.972006462727982,0.97814039408867,0.9706278841976018,3.432913703666089,5.0,34.91,ok,
botswana,60,46,Softmax,,,,,0.9422757475083056,0.9085753447504312,0.9410336501795264,0.955049261083744,0.9260277565210592,3.248398987311258,,26.6,ok,
botswana,60,47,SOP-SSFCM_r0,0.99,5890.9562193114025,59.504608275872805,0.9810417623206368,0.933970099667774,0.9010113147392615,0.9381710245421316,0.9504310344827588,0.9216375331275756,2.732806468034945,5.0,29.62,ok,
botswana,60,47,SOP-SSFCM_r1,0.99,5890.9562193114025,59.504608275872805,0.9829152426050836,0.9779900332225914,0.9653880732109508,0.978777919634794,0.981834975369458,0.9705205643774402,3.0484988061925944,5.0,35.0,ok,
botswana,60,47,SOP-SSFCM_r2,0.99,5890.9562193114025,59.504608275872805,0.9826727502280967,0.9775747508305648,0.9680829500075476,0.9778704438700409,0.979064039408867,0.9695141960113308,3.2482551613908086,5.0,35.17,ok,
botswana,60,47,Softmax,,,,,0.933970099667774,0.9010113147392615,0.9381710245421316,0.9504310344827588,0.9216375331275756,3.689676551747084,,26.53,ok,
botswana,60,48,SOP-SSFCM_r0,0.99,5661.908785641446,57.19099783476213,0.9811751325796888,0.9343853820598008,0.899916121247098,0.9346167404816575,0.9501231527093597,0.9200673059696934,3.496229208505259,5.0,29.58,ok,
botswana,60,48,SOP-SSFCM_r1,0.99,5661.908785641446,57.19099783476213,0.9824944541048038,0.9775747508305648,0.963712322763997,0.9741014793262048,0.9809113300492612,0.9679017777701446,3.457225513062269,5.0,34.58,ok,
botswana,60,48,SOP-SSFCM_r2,0.99,5661.908785641446,57.19099783476213,0.9821995431565372,0.9804817275747508,0.9723343711089608,0.9736883093725296,0.9815270935960592,0.9732183490286254,3.59979432570787,5.0,34.56,ok,
botswana,60,48,Softmax,,,,,0.9343853820598008,0.899916121247098,0.9346167404816575,0.9501231527093597,0.9200673059696934,4.841327319829465,,26.48,ok,
botswana,60,49,SOP-SSFCM_r0,0.99,5949.75942230839,60.09858002331712,0.9830863013068594,0.941029900332226,0.9075034774905932,0.9445624689732044,0.9535098522167488,0.924378632270458,1.987072166520907,5.0,29.6,ok,
botswana,60,49,SOP-SSFCM_r1,0.99,5949.75942230839,60.09858002331712,0.9845497388160822,0.9779900332225914,0.9668122609686938,0.9804245306616228,0.9809113300492612,0.9707346624728178,2.233306290316987,5.0,34.59,ok,
botswana,60,49,SOP-SSFCM_r2,0.99,5949.75942230839,60.09858002331712,0.984237953916592,0.9763289036544852,0.9685653368970124,0.975068071350112,0.978448275862069,0.9709942327792972,2.505892947026779,5.0,34.59,ok,
botswana,60,49,Softmax,,,,,0.9414451827242524,0.9079404562766183,0.94488772174835,0.9538177339901478,0.9247268236132978,2.6522544123778844,,26.54,ok,
botswana,60,50,SOP-SSFCM_r0,0.99,5885.184406864657,59.44630714004709,0.9822016301184328,0.9381229235880398,0.900914228012414,0.936164549284886,0.9522783251231528,0.920403669638879,2.2110906586623367,5.0,29.65,ok,
botswana,60,50,SOP-SSFCM_r1,0.99,5885.184406864657,59.44630714004709,0.983590863694491,0.9750830564784052,0.9637124307437864,0.9718677199554796,0.9778325123152708,0.9673926783345704,2.5884226956196907,5.0,34.38,ok,
botswana,60,50,SOP-SSFCM_r2,0.99,5885.184406864657,59.44630714004709,0.9831975413361668,0.970514950166113,0.9624598366732174,0.965458604587492,0.9722906403940886,0.96441573699165,3.1507794796872064,5.0,34.54,ok,
botswana,60,50,Softmax,,,,,0.9381229235880398,0.900914228012414,0.936164549284886,0.9525862068965516,0.9207317406284484,3.16103223188054,,26.61,ok,
botswana,60,51,SOP-SSFCM_r0,0.99,5768.55750409338,58.2682576171049,0.9809148305150746,0.9356312292358804,0.8989989273643135,0.9315546863554331,0.9501231527093597,0.9179151225363936,2.301697250281396,5.0,29.77,ok,
botswana,60,51,SOP-SSFCM_r1,0.99,5768.55750409338,58.2682576171049,0.9826873890626064,0.98421926910299,0.971586282794722,0.9840910294602552,0.9858374384236454,0.9745792042067024,3.129545430886589,5.0,33.84,ok,
botswana,60,51,SOP-SSFCM_r2,0.99,5768.55750409338,58.2682576171049,0.9824755957042512,0.981312292358804,0.972011847816792,0.9777354340123808,0.981834975369458,0.9728550010024948,3.164305653918845,5.0,33.87,ok,
botswana,60,51,Softmax,,,,,0.936046511627907,0.8995274673293889,0.931885371879814,0.9504310344827588,0.9183310785496428,3.105255024774062,,26.6,ok,
ksc,5,42,SOP-SSFCM_r0,0.99,1296.368875879759,13.094635109896563,0.8880299622004931,0.7988729109988341,0.7486183810541626,0.7291091168345432,0.7994626751103435,0.7493570327412223,55.58411644995822,10.0,5.78,ok,
ksc,5,42,SOP-SSFCM_r1,0.99,1296.368875879759,13.094635109896563,0.8934116925272757,0.8435678196657598,0.8038702769452719,0.7843961624258593,0.8439838802533103,0.8041416645015848,49.31680247638288,10.0,6.61,ok,
ksc,5,42,SOP-SSFCM_r2,0.99,1296.368875879759,13.094635109896563,0.895362346250567,0.8664982510687913,0.8406224690023275,0.8057285245503079,0.8668201880637114,0.8410404139785348,47.274439065191885,10.0,6.72,ok,
ksc,5,42,Softmax,,,,,0.7994558880684026,0.7491159080445112,0.7294657665202677,0.8002302820955671,0.7499940166479943,31.66901761639524,,7.4,ok,
ksc,5,43,SOP-SSFCM_r0,0.99,1312.6026247421755,13.2586123711331,0.8710612532962648,0.7808006218422076,0.748797063115118,0.6514252429446162,0.7818077144502015,0.749468782589179,46.46263337231615,10.0,5.65,ok,
ksc,5,43,SOP-SSFCM_r1,0.99,1312.6026247421755,13.2586123711331,0.8760459491827703,0.8188884570540226,0.8091207385173068,0.6912198347941406,0.8188447514872386,0.8094009425435249,76.68444290000515,5.0,6.51,ok,
ksc,5,43,SOP-SSFCM_r2,0.99,1312.6026247421755,13.2586123711331,0.8777572740039522,0.8274387874076953,0.8310600279205723,0.6938153034873868,0.82671272308578,0.8307102706127566,87.02554865157072,5.0,6.55,ok,
ksc,5,43,Softmax,,,,,0.7811892732219199,0.7493751620727465,0.6517627732184833,0.7821915179428133,0.7500468903454791,67.14295133497433,,8.23,ok,
ksc,5,44,SOP-SSFCM_r0,0.99,1443.2260768855117,14.578041180661748,0.8770834473991491,0.7850757870190439,0.7356536729899763,0.7274109300230885,0.7856457493763194,0.7363879805690402,106.90786605629198,10.0,5.7,ok,
ksc,5,44,SOP-SSFCM_r1,0.99,1443.2260768855117,14.578041180661748,0.8821656395231052,0.8291877186164011,0.7994167394408304,0.7887362447273566,0.8290155440414507,0.799406460340803,120.39197096856418,5.0,6.56,ok,
ksc,5,44,SOP-SSFCM_r2,0.99,1443.2260768855117,14.578041180661748,0.8850310881933815,0.8404586086280607,0.8191360136467185,0.7997699259331217,0.8403377470734984,0.8193824271027856,128.7164909238751,5.0,6.58,ok,
ksc,5,44,Softmax,,,,,0.7852701127089001,0.7357203058452247,0.7273949843950517,0.7858376511226253,0.7364529193456574,193.23924537379105,,12.36,ok,
ksc,5,45,SOP-SSFCM_r0,0.99,1234.1529266865025,12.466191178651547,0.879584926991361,0.7528177225029149,0.7294253695607211,0.6179928899558699,0.7532143542506237,0.7297022582144983,37.85475652385946,5.0,5.66,ok,
ksc,5,45,SOP-SSFCM_r1,0.99,1234.1529266865025,12.466191178651547,0.8843639696929995,0.7767197823552273,0.7763792866464744,0.650140024630926,0.7766263672999424,0.7763162013659033,49.96639883956708,5.0,6.44,ok,
ksc,5,45,SOP-SSFCM_r2,0.99,1234.1529266865025,12.466191178651547,0.8863449145846569,0.7945977458219977,0.800795227905278,0.6668667879373855,0.7942813279600844,0.8007540188042978,68.34738900910563,5.0,6.43,ok,
ksc,5,45,Softmax,,,,,0.7526233968130587,0.7293447258727173,0.6169584416355819,0.7530224525043178,0.7296272600953385,113.0213826493179,,5.24,ok,
ksc,5,46,SOP-SSFCM_r0,0.99,1245.0696081371236,12.576460688253784,0.8604028408582223,0.7697240575204042,0.7110362152224315,0.6822219978949643,0.7716369218959892,0.7123888400027267,18.13467060729496,5.0,5.65,ok,
ksc,5,46,SOP-SSFCM_r1,0.99,1245.0696081371236,12.576460688253784,0.8630409516435066,0.7944034201321415,0.754310550475329,0.7151085610558183,0.7954327384379198,0.7553554074210357,24.112956266519884,5.0,6.56,ok,
ksc,5,46,SOP-SSFCM_r2,0.99,1245.0696081371236,12.576460688253784,0.8649599759808475,0.8050913330742324,0.7758753466017932,0.7280012909566749,0.8059873344847438,0.7768177453646016,26.02566973254709,5.0,6.61,ok,
ksc,5,46,Softmax,,,,,0.7697240575204042,0.7109830122301752,0.6821881483501409,0.7716369218959892,0.7123295750644704,73.55109366302742,,8.12,ok,
ksc,5,47,SOP-SSFCM_r0,0.99,1397.6503829615676,14.117680635975445,0.8735793705906668,0.7349397590361446,0.7247594813620475,0.6383396967578446,0.7361350988293993,0.725753967677356,21.84354272145764,10.0,5.65,ok,
ksc,5,47,SOP-SSFCM_r1,0.99,1397.6503829615676,14.117680635975445,0.8784489543397057,0.7596191216478818,0.7755386655745259,0.6572088192984129,0.7605066206102475,0.7761843722571922,30.765064472649392,10.0,6.45,ok,
ksc,5,47,SOP-SSFCM_r2,0.99,1397.6503829615676,14.117680635975445,0.8814053078887476,0.7732219199378157,0.8061023553883407,0.6639854484191015,0.7735559393590482,0.8066659601778521,38.881621098247095,10.0,6.5,ok,
ksc,5,47,Softmax,,,,,0.7364943645549942,0.7256977651912673,0.6391957107147908,0.7376703127998465,0.7266829352170764,110.44364165888638,,8.06,ok,
ksc,5,48,SOP-SSFCM_r0,0.99,1470.9758124286427,14.858341539683272,0.8751903910635065,0.7679751263116984,0.737331470023505,0.6557840769334911,0.7683745922087891,0.7376338845293348,25.44440884885029,10.0,5.68,ok,
ksc,5,48,SOP-SSFCM_r1,0.99,1470.9758124286427,14.858341539683272,0.87937420984301,0.7899339292654489,0.7788651612348692,0.6735274692593369,0.789867587795049,0.779861006306797,27.83533926252125,10.0,6.46,ok,
ksc,5,48,SOP-SSFCM_r2,0.99,1470.9758124286427,14.858341539683272,0.8821999411631066,0.807617567042363,0.8094747240970465,0.6927035096786001,0.8075225484551909,0.8101276002417047,29.37315059878601,10.0,6.5,ok,
ksc,5,48,Softmax,,,,,0.7681694520015546,0.7374670536423914,0.655980142938824,0.768566493955095,0.7377673090005873,65.51864469382657,,8.45,ok,
ksc,5,49,SOP-SSFCM_r0,0.99,1338.29217305804,13.51810275816203,0.8781739639258563,0.7903225806451613,0.7567202520417335,0.7028829260508738,0.791594703511802,0.7572478202381586,20.908566280866243,10.0,5.69,ok,
ksc,5,49,SOP-SSFCM_r1,0.99,1338.29217305804,13.51810275816203,0.8849342502621989,0.8322969296541003,0.8165372867942756,0.7521498136878695,0.832085971982345,0.8159992431308826,41.3740954715052,5.0,6.3,ok,
ksc,5,49,SOP-SSFCM_r2,0.99,1338.29217305804,13.51810275816203,0.8866983870056153,0.8587252234745434,0.8453688189094613,0.7864063919494858,0.8589522164651698,0.8452776195659881,64.58643285762257,5.0,6.52,ok,
ksc,5,49,Softmax,,,,,0.791099883404586,0.7570752217847055,0.7037846192841919,0.7923623104970255,0.757604841351795,51.77677571904437,,8.34,ok,
ksc,5,50,SOP-SSFCM_r0,0.99,1323.3827794997396,13.367502823229705,0.878406193126281,0.7736105713175282,0.7381159944524104,0.7130198311258185,0.7758587603147189,0.739434164665645,10.85206607140096,5.0,5.68,ok,
ksc,5,50,SOP-SSFCM_r1,0.99,1323.3827794997396,13.367502823229705,0.8816229163885555,0.8015934706568209,0.7901540124909248,0.7472092043963913,0.8029169065438495,0.7912193348033275,19.534856200769,5.0,6.31,ok,
ksc,5,50,SOP-SSFCM_r2,0.99,1323.3827794997396,13.367502823229705,0.883157175325253,0.8019821220365332,0.808621527400005,0.741104167008807,0.8031088082901554,0.8094317767551494,21.1827056901136,5.0,6.34,ok,
ksc,5,50,Softmax,,,,,0.7741935483870968,0.7387363296541255,0.7132492356419002,0.7764344655536365,0.7400464462344264,42.59912251759097,,8.37,ok,
ksc,5,51,SOP-SSFCM_r0,0.99,1353.0845537040807,13.667520744485676,0.8693303466877477,0.7442673921492421,0.7197125016392275,0.6533946976403106,0.7453463826520821,0.720574071733981,17.69148761016198,5.0,5.65,ok,
ksc,5,51,SOP-SSFCM_r1,0.99,1353.0845537040807,13.667520744485676,0.8725417038071247,0.7809949475320638,0.7798012624459202,0.6966488701662308,0.7812320092112838,0.7797364821835314,31.09883544633503,5.0,6.52,ok,
ksc,5,51,SOP-SSFCM_r2,0.99,1353.0845537040807,13.667520744485676,0.8749313417239336,0.7969296541002721,0.8040878175863787,0.7140672715311533,0.7981193628862022,0.8047551768233004,39.23362529613634,5.0,6.52,ok,
ksc,5,51,Softmax,,,,,0.7448503692188108,0.719283938505875,0.6535731036984042,0.7459220878909998,0.7201516387226777,57.556240440719286,,8.39,ok,
ksc,10,42,SOP-SSFCM_r0,0.99,1090.9407936895936,11.019603976662571,0.864061285389893,0.8224758905727219,0.7728222871169619,0.7570593554522567,0.823258491652274,0.7738128005461811,48.88180249684304,10.0,7.71,ok,
ksc,10,42,SOP-SSFCM_r1,0.99,1090.9407936895936,11.019603976662571,0.8718393073378967,0.8584924227514269,0.834422639410718,0.8004154363594552,0.8593360199577816,0.8354021087907818,56.22016166107487,10.0,7.85,ok,
ksc,10,42,SOP-SSFCM_r2,0.99,1090.9407936895936,11.019603976662571,0.8757468519197918,0.8693170635701634,0.8560977226875889,0.8136937872626313,0.869314910765688,0.8564196367106313,59.9578255479824,10.0,8.01,ok,
ksc,10,42,Softmax,,,,,0.8226727022239717,0.7730939622246694,0.7578264245984863,0.8236422951448858,0.7743293338749293,123.95967620831608,,10.27,ok,
ksc,10,43,SOP-SSFCM_r0,0.99,1137.9917643584806,11.49486630665133,0.8674767654729464,0.8291674867152136,0.7543268101083368,0.7753255161786227,0.8297831510266743,0.7558296906386013,8.062217812391202,10.0,7.72,ok,
ksc,10,43,SOP-SSFCM_r1,0.99,1137.9917643584806,11.49486630665133,0.8769016889109015,0.8771895296201535,0.8263882731218318,0.8336361566028414,0.8769909806179236,0.8264959139291939,7.589352214547604,10.0,7.69,ok,
ksc,10,43,SOP-SSFCM_r2,0.99,1137.9917643584806,11.49486630665133,0.8804928442545337,0.9010037394213738,0.8717522869942608,0.8579077664415513,0.90097869890616,0.8722224338547538,8.508536234690329,10.0,7.71,ok,
ksc,10,43,Softmax,,,,,0.8309387915764613,0.7562000276992726,0.777208093313305,0.8313183649971215,0.7575036909618781,44.542566456791775,,10.26,ok,
ksc,10,44,SOP-SSFCM_r0,0.99,1184.5383460980263,11.965033798969973,0.8694415604398223,0.8061405235189923,0.7744369379891726,0.7337409721686625,0.8054116292458261,0.7742140931325395,15.494813343329136,10.0,7.72,ok,
ksc,10,44,SOP-SSFCM_r1,0.99,1184.5383460980263,11.965033798969973,0.8751782569289381,0.8441251722101949,0.8336618047285187,0.7726256506402063,0.8432162732680868,0.8341289811948046,13.564299961143012,10.0,7.82,ok,
ksc,10,44,SOP-SSFCM_r2,0.99,1184.5383460980263,11.965033798969973,0.8779079775462819,0.8638063373351702,0.8644113483740321,0.7909796748136646,0.8625983496449817,0.8643475800266094,14.461953111468048,10.0,7.83,ok,
ksc,10,44,Softmax,,,,,0.8067309584727416,0.7747693294453151,0.7335470634810675,0.8059873344847438,0.7745489474145781,38.07256983424213,,10.48,ok,
ksc,10,45,SOP-SSFCM_r0,0.99,1180.4803916382798,11.924044359982634,0.8602081272503885,0.8096831332414879,0.7648203687740678,0.719732892252008,0.8090577624256381,0.764687875389375,11.419730164999663,10.0,7.71,ok,
ksc,10,45,SOP-SSFCM_r1,0.99,1180.4803916382798,11.924044359982634,0.8694428480403161,0.8480614052351899,0.8271407922880756,0.77147137041076,0.8478219151794282,0.8273079356984466,10.665415132018078,10.0,7.78,ok,
ksc,10,45,SOP-SSFCM_r2,0.99,1180.4803916382798,11.924044359982634,0.8738487421019578,0.8622318441251722,0.8500156696623332,0.7873154443166174,0.8612550374208405,0.8497490578859724,12.329908224632698,10.0,7.82,ok,
ksc,10,45,Softmax,,,,,0.8088958866364889,0.7640137508413528,0.7172877588107655,0.8084820571867204,0.7639535353745586,34.32297327231543,,10.47,ok,
ksc,10,46,SOP-SSFCM_r0,0.99,1217.4593534813648,12.297569227084503,0.8517375935224484,0.8106671914977367,0.7501241692022099,0.748210885663078,0.8123200921128382,0.7513836363449548,30.45025879249102,10.0,7.69,ok,
ksc,10,46,SOP-SSFCM_r1,0.99,1217.4593534813648,12.297569227084503,0.8585279200721454,0.8525880732139343,0.8165222340876733,0.802988959084038,0.853387065822299,0.817011129584136,37.41959001782609,10.0,7.74,ok,
ksc,10,46,SOP-SSFCM_r2,0.99,1217.4593534813648,12.297569227084503,0.860956829092358,0.8624286557764219,0.8418439841159776,0.8090220606290927,0.8627902513912876,0.8420142111713972,44.180634090802506,10.0,7.81,ok,
ksc,10,46,Softmax,,,,,0.8128321196614839,0.7525732187652014,0.7531211027681017,0.8146229130685089,0.7540718638767567,110.17927430089642,,10.46,ok,
ksc,10,47,SOP-SSFCM_r0,0.99,1170.7460869480929,11.825718049980743,0.8706899741550062,0.7980712458177525,0.755103023469226,0.7105314704087652,0.7986950681251199,0.7564706790933572,48.18119413687796,5.0,7.66,ok,
ksc,10,47,SOP-SSFCM_r1,0.99,1170.7460869480929,11.825718049980743,0.8773187231691617,0.8299547333202125,0.803102208713961,0.7537275073999946,0.8297831510266743,0.8033310778602867,58.794641851242126,5.0,8.51,ok,
ksc,10,47,SOP-SSFCM_r2,0.99,1170.7460869480929,11.825718049980743,0.8806315307940495,0.8525880732139343,0.8393243149006392,0.7806456493330873,0.8522356553444637,0.8393461334975465,60.48970339880117,5.0,8.66,ok,
ksc,10,47,Softmax,,,,,0.7986616807715017,0.7555792127795805,0.7107691818319803,0.7992707733640376,0.7569213670836339,110.72027226627696,,10.48,ok,
ksc,10,48,SOP-SSFCM_r0,0.99,1135.444482574066,11.46913618761684,0.8615469234078912,0.8486518401889391,0.788906748991869,0.8008707415867201,0.8493571291498753,0.7893613186811185,7.141567619572462,10.0,7.72,ok,
ksc,10,48,SOP-SSFCM_r1,0.99,1135.444482574066,11.46913618761684,0.8694599308347999,0.8921472151151348,0.854748957488178,0.851286984536997,0.8929188255613126,0.8557486358735784,8.024386215306084,10.0,8.72,ok,
ksc,10,48,SOP-SSFCM_r2,0.99,1135.444482574066,11.46913618761684,0.8723476441073821,0.9004133044676245,0.8772625691122289,0.8547544876065449,0.9005948954135483,0.8776719661957322,9.20972251451092,10.0,8.84,ok,
ksc,10,48,Softmax,,,,,0.8482582168864397,0.7875018323513867,0.7981501234645416,0.8489733256572635,0.7879680599268277,21.901532099920377,,10.48,ok,
ksc,10,49,SOP-SSFCM_r0,0.99,1193.807873960155,12.058665393536929,0.8503503207853826,0.8277898051564653,0.7696543069162106,0.7686731140167277,0.828631740548839,0.7709147751838932,29.814906007567284,10.0,7.76,ok,
ksc,10,49,SOP-SSFCM_r1,0.99,1193.807873960155,12.058665393536929,0.8560777583721273,0.8618382208226727,0.8264464504189847,0.8054298683588995,0.8620226444060641,0.826699571304032,32.599678692784714,5.0,8.69,ok,
ksc,10,49,SOP-SSFCM_r2,0.99,1193.807873960155,12.058665393536929,0.8596676964658277,0.873646919897658,0.8532654544078065,0.8159380623676716,0.8733448474381117,0.8535416674685664,37.60565742398913,5.0,8.82,ok,
ksc,10,49,Softmax,,,,,0.827986616807715,0.769263818273312,0.7689323798068529,0.828631740548839,0.7704364523990117,121.21438364419564,,10.48,ok,
ksc,10,50,SOP-SSFCM_r0,0.99,1148.571237917395,11.601729675933289,0.863529192816672,0.8252312536902184,0.7664697607257639,0.7665663668902816,0.8259451161005565,0.767525337953479,18.16992334060628,10.0,7.72,ok,
ksc,10,50,SOP-SSFCM_r1,0.99,1148.571237917395,11.601729675933289,0.8753426238852943,0.8628222790789215,0.8249589177205989,0.8161071874543118,0.8635578583765112,0.8259387757698536,16.369963145294946,10.0,8.52,ok,
ksc,10,50,SOP-SSFCM_r2,0.99,1148.571237917395,11.601729675933289,0.8798000426107294,0.8762054713639047,0.8579183792280616,0.8290906838597785,0.8769909806179236,0.8587298699962451,16.275653181032176,10.0,8.59,ok,
ksc,10,50,Softmax,,,,,0.8258216886439678,0.7662676879919676,0.7667822480372798,0.8265208213394742,0.7673373867246649,83.29468607235873,,10.52,ok,
ksc,10,51,SOP-SSFCM_r0,0.99,1111.789901930823,11.23020102960428,0.854923962829314,0.8096831332414879,0.7728822543863069,0.7414255445550768,0.8098253694108616,0.7723071257401947,15.394828891776566,10.0,7.69,ok,
ksc,10,51,SOP-SSFCM_r1,0.99,1111.789901930823,11.23020102960428,0.8576335031282876,0.8490454634914387,0.8313952063303874,0.7913380328709015,0.8485895221646517,0.8303513943700318,17.502124523604884,10.0,8.59,ok,
ksc,10,51,SOP-SSFCM_r2,0.99,1111.789901930823,11.23020102960428,0.8593814492996177,0.8659712654989176,0.8587266474469804,0.8108851066766836,0.8670120898100173,0.8592700779544376,19.07526610598364,10.0,8.57,ok,
ksc,10,51,Softmax,,,,,0.8108640031489864,0.7726893114983541,0.7420220679035986,0.810976779888697,0.7721118469629958,129.74777102698087,,10.21,ok,
ksc,20,42,SOP-SSFCM_r0,0.99,1009.5753917756512,10.19773123005709,0.8490017124692484,0.8519491011916784,0.7949279093170067,0.7960157507873571,0.8518518518518519,0.7942871498923736,186.0641138829032,10.0,11.86,ok,
ksc,20,42,SOP-SSFCM_r1,0.99,1009.5753917756512,10.19773123005709,0.8589806526080592,0.8911331044233488,0.8522500422276247,0.8470571518478963,0.8917674150834772,0.8535965246989143,156.7860444200204,10.0,11.84,ok,
ksc,20,42,SOP-SSFCM_r2,0.99,1009.5753917756512,10.19773123005709,0.8634418364269483,0.9044637446980408,0.881476099407736,0.8585768818382101,0.904816733832278,0.8821491781669912,149.72115300473317,10.0,11.88,ok,
ksc,20,42,Softmax,,,,,0.8519491011916784,0.7955918553638682,0.7957778769809754,0.8520437535981578,0.7951826596004252,46.97165424740896,,13.38,ok,
ksc,20,43,SOP-SSFCM_r0,0.99,1073.7732230019712,10.846194171737093,0.8457436130333235,0.8319531407796404,0.7745069798103923,0.7575194913855103,0.8332373824601804,0.7754350915412572,11.654423014917132,10.0,11.83,ok,
ksc,20,43,SOP-SSFCM_r1,0.99,1073.7732230019712,10.846194171737093,0.8563548821307844,0.8761866289638457,0.8321411777611999,0.8264669397487558,0.878142391095759,0.833986029910818,18.662480315534573,10.0,11.89,ok,
ksc,20,43,SOP-SSFCM_r2,0.99,1073.7732230019712,10.846194171737093,0.8619612389274448,0.8955766511815795,0.8615392374596145,0.8539769673648485,0.8971406639800422,0.8638061136764359,23.097036642059653,10.0,12.04,ok,
ksc,20,43,Softmax,,,,,0.8327610583720461,0.7745167132195255,0.7606098579143716,0.8340049894454039,0.7754477680951194,51.88398859945668,,16.28,ok,
ksc,20,44,SOP-SSFCM_r0,0.99,1026.0557624733683,10.364199620943122,0.8400653677860834,0.8602302565138356,0.8006865964289209,0.7909344113625028,0.8599117251966993,0.800242308292465,12.26312149927117,10.0,11.81,ok,
ksc,20,44,SOP-SSFCM_r1,0.99,1026.0557624733683,10.364199620943122,0.8500282613067438,0.9044637446980408,0.8702458546844307,0.8525688381934872,0.904432930339666,0.8700047487419756,16.08937922599977,10.0,11.9,ok,
ksc,20,44,SOP-SSFCM_r2,0.99,1026.0557624733683,10.364199620943122,0.8523695318453007,0.9270854372853968,0.907954545890814,0.8825273196366145,0.9276530416426788,0.9089233651014084,16.458632792077932,10.0,11.97,ok,
ksc,20,44,Softmax,,,,,0.8598262977176327,0.8000331659891461,0.7915310955749096,0.8597198234503934,0.7999101357120669,23.12329421911149,,16.26,ok,
ksc,20,45,SOP-SSFCM_r0,0.99,1044.9308611368356,10.554857183200369,0.8447527062791995,0.8511411835992728,0.787904580843162,0.7954164746279319,0.8518518518518519,0.7888052263610581,15.896802171891045,10.0,11.84,ok,
ksc,20,45,SOP-SSFCM_r1,0.99,1044.9308611368356,10.554857183200369,0.853856832999175,0.890729145627146,0.856382649227239,0.8392113613346817,0.8900402993667242,0.8561226873443382,19.88774990766597,10.0,11.87,ok,
ksc,20,45,SOP-SSFCM_r2,0.99,1044.9308611368356,10.554857183200369,0.857291670865762,0.904059785901838,0.8852759775218707,0.8509716727664548,0.9030896181155248,0.884927968955366,22.74361873043506,10.0,11.92,ok,
ksc,20,45,Softmax,,,,,0.8515451423954756,0.7886320020880688,0.7947227356661789,0.8524275570907696,0.7895243783888634,61.01403516425622,,16.74,ok,
ksc,20,46,SOP-SSFCM_r0,0.99,994.3931853655988,10.044375609753532,0.8496181151657061,0.8303373055948293,0.7698657492717887,0.7722528273167882,0.8322778737286509,0.7724095373525841,6.459956809869092,10.0,11.85,ok,
ksc,20,46,SOP-SSFCM_r1,0.99,994.3931853655988,10.044375609753532,0.8631679538891651,0.8731569379923247,0.8367041860563627,0.8311537890306758,0.8741124544233353,0.8379696994982249,5.045301102814331,10.0,11.83,ok,
ksc,20,46,SOP-SSFCM_r2,0.99,994.3931853655988,10.044375609753532,0.8679915807311428,0.8943647747929712,0.8681119800248465,0.855767280900718,0.8950297447706774,0.8688579672112916,6.344207834293479,10.0,11.87,ok,
ksc,20,46,Softmax,,,,,0.831751161381539,0.7703737587012498,0.7750288773738375,0.8336211859527922,0.7729752269028002,22.179079026203016,,16.01,ok,
ksc,20,47,SOP-SSFCM_r0,0.99,1004.1440231785124,10.142868920995085,0.8395602279234403,0.8309432437891335,0.766871742387247,0.7783521706369718,0.8334292842064863,0.7700725691965401,14.703536622074962,10.0,11.85,ok,
ksc,20,47,SOP-SSFCM_r1,0.99,1004.1440231785124,10.142868920995085,0.8461088317236526,0.8792163199353666,0.8313005052073424,0.8404240376172442,0.8789099980809826,0.8318095303298599,19.833259186074883,10.0,11.87,ok,
ksc,20,47,SOP-SSFCM_r2,0.99,1004.1440231785124,10.142868920995085,0.8482967769945907,0.8957786305796809,0.8661143651437524,0.8520232904847487,0.8952216465169833,0.8663787128430892,23.27845707571636,10.0,11.84,ok,
ksc,20,47,Softmax,,,,,0.8335689759644517,0.7681249672851713,0.7812977899439455,0.8363078104010746,0.7714890951029155,57.40585138094692,,16.58,ok,
ksc,20,48,SOP-SSFCM_r0,0.99,1060.6267666577342,10.713401683411464,0.8495336185149924,0.8685114118359927,0.8090569609451504,0.8049795606941268,0.8685473037804644,0.8096713814059608,35.42121909921345,10.0,11.8,ok,
ksc,20,48,SOP-SSFCM_r1,0.99,1060.6267666577342,10.713401683411464,0.8516686662938545,0.90870531205817,0.8736248762183131,0.8533988077688943,0.908270965265784,0.8733476779378861,36.23664473794192,5.0,11.91,ok,
ksc,20,48,SOP-SSFCM_r2,0.99,1060.6267666577342,10.713401683411464,0.8531496353761503,0.9274893960815996,0.9087431429080812,0.8675670998665075,0.9263097294185376,0.907739923690906,42.36955964965591,5.0,11.96,ok,
ksc,20,48,Softmax,,,,,0.8695213088264997,0.8094515544038551,0.8057229413975653,0.8695068125119939,0.8100198864236209,235.66963969216096,,16.67,ok,
ksc,20,49,SOP-SSFCM_r0,0.99,1010.7656533406268,10.209754074147751,0.8453027277396338,0.866087659058776,0.8085466819763828,0.8016095031584208,0.8668201880637114,0.8089551000615133,31.03476450892725,10.0,11.84,ok,
ksc,20,49,SOP-SSFCM_r1,0.99,1010.7656533406268,10.209754074147751,0.8501926763879383,0.9097152090486772,0.8739589576591821,0.8618470283296251,0.9101899827288428,0.8749405204593049,27.564702129274814,10.0,11.89,ok,
ksc,20,49,SOP-SSFCM_r2,0.99,1010.7656533406268,10.209754074147751,0.8520804968121203,0.9232478287214704,0.9016482123266798,0.8759538669135728,0.9230473997313376,0.9016814591018352,25.91432847599669,10.0,11.9,ok,
ksc,20,49,Softmax,,,,,0.8675015148454858,0.810887664876769,0.8027518165615479,0.8681635002878526,0.8111547817550233,113.0544517432707,,18.49,ok,
ksc,20,50,SOP-SSFCM_r0,0.99,959.4490685553532,9.691404732882363,0.8363870705723525,0.8406382548980004,0.780163253478487,0.7717846067655666,0.8420648627902514,0.7818710013551287,9.908381362493929,10.0,11.88,ok,
ksc,20,50,SOP-SSFCM_r1,0.99,959.4490685553532,9.691404732882363,0.8450698857271681,0.8761866289638457,0.8371508009599913,0.8148689455796602,0.8771828823642295,0.837864960779859,10.137538615032556,10.0,11.86,ok,
ksc,20,50,SOP-SSFCM_r2,0.99,959.4490685553532,9.691404732882363,0.8485453987966691,0.8899212280347405,0.8693827102093876,0.826483611204647,0.8911917098445595,0.8694046642685648,9.843983131271472,10.0,11.97,ok,
ksc,20,50,Softmax,,,,,0.8408402342961018,0.779909010105172,0.7717134161424634,0.8420648627902514,0.7815468696615908,34.8525341917661,,16.92,ok,
ksc,20,51,SOP-SSFCM_r0,0.99,1057.735765744011,10.684199653979915,0.8372667294505216,0.8220561502726722,0.7714699488185714,0.7719324175035287,0.8240260986374977,0.7730279245424894,40.945748056602426,10.0,11.88,ok,
ksc,20,51,SOP-SSFCM_r1,0.99,1057.735765744011,10.684199653979915,0.8428205776583368,0.8576045243385175,0.833745203721687,0.8167412903509851,0.8583765112262521,0.8343269579048065,44.54134381733903,10.0,11.99,ok,
ksc,20,51,SOP-SSFCM_r2,0.99,1057.735765744011,10.684199653979915,0.8463955679689208,0.8677034942435872,0.8582092313913664,0.8268810584643584,0.8689311072730762,0.8586637681260328,47.40100488336892,10.0,11.97,ok,
ksc,20,51,Softmax,,,,,0.822460109068875,0.7712454281050706,0.7713680476538047,0.8246018038764152,0.7731443357449304,153.26903114573994,,16.05,ok,
ksc,40,42,SOP-SSFCM_r0,0.99,961.0461150661176,9.707536515819378,0.8268497858458677,0.886378170965679,0.8295516548107094,0.8244168719841019,0.8856265592016888,0.830076664845628,12.83973551693979,10.0,19.88,ok,
ksc,40,42,SOP-SSFCM_r1,0.99,961.0461150661176,9.707536515819378,0.8410280315733405,0.9236836495416756,0.8875280628387073,0.877915803586941,0.9218959892535022,0.8880595570071763,12.821522043715875,10.0,19.91,ok,
ksc,40,42,SOP-SSFCM_r2,0.99,961.0461150661176,9.707536515819378,0.8467874557760391,0.9347687060328288,0.9113852394281314,0.8885001060829215,0.9320667818077144,0.9105205202388286,13.710229413001088,10.0,19.92,ok,
ksc,40,42,Softmax,,,,,0.8878703901087188,0.83158646974116,0.8271911124739321,0.88696987142583,0.8319250109711435,41.1112170903285,,26.27,ok,
ksc,40,43,SOP-SSFCM_r0,0.99,913.3579673161316,9.225838053698306,0.8202698869492795,0.8812619910466851,0.8159863716628462,0.8235833478729899,0.879869506812512,0.8144712033137884,9.723334619941,10.0,19.89,ok,
ksc,40,43,SOP-SSFCM_r1,0.99,913.3579673161316,9.225838053698306,0.8351485635042184,0.932850138563206,0.8998936883258807,0.8898713900084682,0.9312991748224908,0.8978708701702037,7.597869566123659,10.0,20.04,ok,
ksc,40,43,SOP-SSFCM_r2,0.99,913.3579673161316,9.225838053698306,0.8397208950388005,0.9450010658708164,0.9235834034769552,0.9004017512104632,0.943580886586068,0.9226339289254978,7.64716594858629,10.0,20.01,ok,
ksc,40,43,Softmax,,,,,0.8814751652099766,0.8169007865282152,0.8250877073282243,0.8794857033199002,0.8145057898073995,24.262080008831003,,24.7,ok,
ksc,40,44,SOP-SSFCM_r0,0.99,977.9217251731454,9.877997223971176,0.8224758651476315,0.8740140694947772,0.8170057985279445,0.8180111111100428,0.8739205526770294,0.816773987173395,16.227649119742633,10.0,19.94,ok,
ksc,40,44,SOP-SSFCM_r1,0.99,977.9217251731454,9.877997223971176,0.8292823067348333,0.9128117672138136,0.8760922449698755,0.8691380377133074,0.9111494914603724,0.8751715364943055,17.26483442105751,10.0,19.85,ok,
ksc,40,44,SOP-SSFCM_r2,0.99,977.9217251731454,9.877997223971176,0.832673833721931,0.9262417395011724,0.9031471051851494,0.8808583347032484,0.9247745154480904,0.902019583430186,18.673304490471235,10.0,19.9,ok,
ksc,40,44,Softmax,,,,,0.8755062886378171,0.8181173314857193,0.8185362912827134,0.8752638649011706,0.8177581142180784,61.93016450120879,,26.9,ok,
ksc,40,45,SOP-SSFCM_r0,0.99,936.6182239427396,9.460790140835762,0.8317134468742953,0.8738008953314859,0.8169609189166357,0.8131412498711026,0.872769142199194,0.8165007050519723,22.613507110526704,10.0,19.86,ok,
ksc,40,45,SOP-SSFCM_r1,0.99,936.6182239427396,9.460790140835762,0.8435227410501984,0.9151566830100192,0.8839682599115528,0.8712472559478683,0.9149875263864902,0.8841371705998737,19.895893710126288,10.0,19.83,ok,
ksc,40,45,SOP-SSFCM_r2,0.99,936.6182239427396,9.460790140835762,0.8485859058601862,0.932210616073332,0.915555611297939,0.8857734745342356,0.9322586835540204,0.9156405121556332,18.868735547539707,10.0,19.88,ok,
ksc,40,45,Softmax,,,,,0.8750799403112343,0.8185968171864811,0.8141473853079226,0.8741124544233353,0.8181402849750788,74.14986783622562,,27.55,ok,
ksc,40,46,SOP-SSFCM_r0,0.99,972.9524585911776,9.827802612032103,0.8270586670837843,0.8840332551694735,0.8319753072266628,0.8278045893486708,0.8819804260218768,0.8282393814070348,67.66735899023412,10.0,19.85,ok,
ksc,40,46,SOP-SSFCM_r1,0.99,972.9524585911776,9.827802612032103,0.8337863524892006,0.9279471328075036,0.9017073812036264,0.8874358568165694,0.927461139896373,0.9012850735172784,63.0547933606799,10.0,19.94,ok,
ksc,40,46,SOP-SSFCM_r2,0.99,972.9524585911776,9.827802612032103,0.8371131850065009,0.9409507567682796,0.9216503647137062,0.9005168239053118,0.93974285165995,0.9209988327889108,64.69941749686762,10.0,19.96,ok,
ksc,40,46,Softmax,,,,,0.8853123001492219,0.8323577786818882,0.8278935496913882,0.8827480330071004,0.8280835405062755,240.00308552876348,,24.32,ok,
ksc,40,47,SOP-SSFCM_r0,0.99,933.0108177958092,9.424351694907172,0.8091442780970607,0.873374547004903,0.8160697660945176,0.8190661697181252,0.8750719631548647,0.8186154991589857,13.28359708580059,10.0,19.98,ok,
ksc,40,47,SOP-SSFCM_r1,0.99,933.0108177958092,9.424351694907172,0.8165932518558567,0.9072692389682372,0.8748151265922673,0.85906336445224,0.908270965265784,0.8764831366321474,16.861395719202214,10.0,22.05,ok,
ksc,40,47,SOP-SSFCM_r2,0.99,933.0108177958092,9.424351694907172,0.8201409135171515,0.9168620763163504,0.8999212560512283,0.8621695143672375,0.9165227403569371,0.8995095178800727,19.293959623883108,10.0,22.07,ok,
ksc,40,47,Softmax,,,,,0.8729481986783202,0.8156560676579028,0.818574981297613,0.8750719631548647,0.8184680002755447,61.63177638943982,,25.26,ok,
ksc,40,48,SOP-SSFCM_r0,0.99,962.2520682940072,9.719717861555637,0.8326301524087342,0.8793434235770624,0.81391386648159,0.8194073610459908,0.8804452120514297,0.8156100965310312,128.96765457618054,10.0,19.88,ok,
ksc,40,48,SOP-SSFCM_r1,0.99,962.2520682940072,9.719717861555637,0.8437831394796724,0.9311447452568749,0.9015271675819756,0.884282429895912,0.9280368451352908,0.8991346673421553,122.40735363145696,10.0,22.25,ok,
ksc,40,48,SOP-SSFCM_r2,0.99,962.2520682940072,9.719717861555637,0.848355011341777,0.9450010658708164,0.9249687799661136,0.8993049195198103,0.941661869123009,0.9223143935936317,129.48501737419107,10.0,22.25,ok,
ksc,40,48,Softmax,,,,,0.8799829460669367,0.8151352077643182,0.8197036097743433,0.8810209172903474,0.8167691841291465,337.65401544810896,,24.53,ok,
ksc,40,49,SOP-SSFCM_r0,0.99,953.9101789376758,9.635456352905823,0.8083597413399076,0.8731613728416115,0.8094955557210274,0.8177316927920644,0.8706582229898292,0.8096344289896928,78.97880660116557,10.0,19.94,ok,
ksc,40,49,SOP-SSFCM_r1,0.99,953.9101789376758,9.635456352905823,0.8154349268689088,0.911959070560648,0.8772939604090475,0.8700821081521446,0.9103818844751488,0.8763575012182662,72.69199875017114,10.0,22.06,ok,
ksc,40,49,SOP-SSFCM_r2,0.99,953.9101789376758,9.635456352905823,0.8191080753716748,0.92283095288851,0.8977553285526683,0.877104150015535,0.9213202840145844,0.8969818409119712,85.44731678362439,10.0,22.03,ok,
ksc,40,49,Softmax,,,,,0.8727350245150288,0.808745802078154,0.8164892367389649,0.8706582229898292,0.8092594946856504,161.55790205500102,,28.73,ok,
ksc,40,50,SOP-SSFCM_r0,0.99,946.3056948017804,9.558643381836175,0.8294145501803253,0.8699637603922404,0.8104449148833665,0.8064476568193045,0.8712339282287469,0.8117139385986656,179.29339109761932,10.0,19.89,ok,
ksc,40,50,SOP-SSFCM_r1,0.99,946.3056948017804,9.558643381836175,0.8390968747341557,0.9125985930505224,0.8759685959400786,0.8614262903549318,0.9147956246401844,0.8792629493995806,116.8744084058278,10.0,22.36,ok,
ksc,40,50,SOP-SSFCM_r2,0.99,946.3056948017804,9.558643381836175,0.8436794245860555,0.9339160093796632,0.9114752408390931,0.8854289047811383,0.934561504509691,0.9126309848934409,100.19202629946687,10.0,22.38,ok,
ksc,40,50,Softmax,,,,,0.8714559795352803,0.8111798397471208,0.8065726219429018,0.8729610439454999,0.8129089628053854,2039.148050338048,,23.28,ok,
ksc,40,51,SOP-SSFCM_r0,0.99,947.357075646226,9.56926339036593,0.831122026714799,0.8819015135365593,0.826510833398625,0.8218327784267523,0.8787180963346767,0.823507910163931,8.326850160552164,10.0,19.85,ok,
ksc,40,51,SOP-SSFCM_r1,0.99,947.357075646226,9.56926339036593,0.844465978745065,0.92133873374547,0.8941628804717354,0.8744614858771309,0.9176741508347726,0.8910497371737368,15.251174345452323,10.0,22.25,ok,
ksc,40,51,SOP-SSFCM_r2,0.99,947.357075646226,9.56926339036593,0.8484238248131338,0.9360477510125772,0.9203340719034137,0.8897086873265857,0.932834388792938,0.9182153674664274,19.809677680273257,10.0,22.29,ok,
ksc,40,51,Softmax,,,,,0.8829673843530164,0.8264648765440892,0.824585186474883,0.8804452120514297,0.8245817632758832,29.753856809416355,,22.75,ok,
ksc,60,42,SOP-SSFCM_r0,0.99,915.173523888635,9.24417700897612,0.8249936918435863,0.9009252990295644,0.8420927982826512,0.8344435946594815,0.8967568604874304,0.8379361405073151,10.534244390260628,10.0,27.73,ok,
ksc,60,42,SOP-SSFCM_r1,0.99,915.173523888635,9.24417700897612,0.8390696406156233,0.9433536447754456,0.9121343589782506,0.8943945759848024,0.9387833429284208,0.9073827043814944,11.238463734784952,10.0,30.95,ok,
ksc,60,42,SOP-SSFCM_r2,0.99,915.173523888635,9.24417700897612,0.84443588921001,0.957345971563981,0.9404323728115376,0.9102226702924138,0.9533678756476685,0.9368001178425396,12.311459715908772,10.0,31.05,ok,
ksc,60,42,Softmax,,,,,0.9004739336492891,0.8410624269335819,0.8338454195410248,0.8965649587411245,0.8373404559908029,43.68450837220112,,31.53,ok,
ksc,60,43,SOP-SSFCM_r0,0.99,949.589069071581,9.591808778500829,0.8291423107449211,0.901150981719702,0.844810344079774,0.8417389822042446,0.8981001727115717,0.8412992524911584,14.82666117982368,10.0,27.81,ok,
ksc,60,43,SOP-SSFCM_r1,0.99,949.589069071581,9.591808778500829,0.8359369566678035,0.940419769803656,0.9095947374219356,0.8947085093883095,0.9370562272116676,0.9073235056992012,13.954356422296474,10.0,30.81,ok,
ksc,60,43,SOP-SSFCM_r2,0.99,949.589069071581,9.591808778500829,0.8379847937858926,0.9501241254795756,0.932101805031023,0.9017246963235744,0.946843216273268,0.9298083428051628,14.924610321915946,10.0,30.88,ok,
ksc,60,43,Softmax,,,,,0.9016023470999774,0.8458489190244668,0.8410390934864374,0.8984839762041834,0.8421462248320879,41.04969469489647,,30.94,ok,
ksc,60,44,SOP-SSFCM_r0,0.99,911.6127578273936,9.208209675024186,0.8230868513200265,0.8835477318889641,0.8362516806776662,0.815637731588984,0.881596622529265,0.8348847133167117,12.841280532110376,10.0,27.81,ok,
ksc,60,44,SOP-SSFCM_r1,0.99,911.6127578273936,9.208209675024186,0.8344738643670434,0.9144662604378244,0.8917878450917592,0.8600225511258982,0.9146037228938784,0.892929592307301,21.68978567995624,10.0,34.66,ok,
ksc,60,44,SOP-SSFCM_r2,0.99,911.6127578273936,9.208209675024186,0.8378642245593539,0.929587000677048,0.9137338065509072,0.8786433297877578,0.929188255613126,0.9136208819395616,20.40525861721595,10.0,34.73,ok,
ksc,60,44,Softmax,,,,,0.8851275107199278,0.8367310759780945,0.8183609278897115,0.883515639992324,0.8356558569456696,55.9852788083219,,30.92,ok,
ksc,60,45,SOP-SSFCM_r0,0.99,882.898962941431,8.918171342842745,0.8083045457793083,0.8948318663958474,0.836782670306363,0.8312463040633139,0.8934945308002303,0.8371176124709367,12.493602758475207,10.0,27.83,ok,
ksc,60,45,SOP-SSFCM_r1,0.99,882.898962941431,8.918171342842745,0.8231537641050318,0.9273301737756714,0.8979572827030577,0.8782701962795341,0.925542122433314,0.8978825416902211,13.187440355588524,10.0,34.04,ok,
ksc,60,45,SOP-SSFCM_r2,0.99,882.898962941431,8.918171342842745,0.8289565666592835,0.9352290679304898,0.9188033216018244,0.8805917365175208,0.9332181922855498,0.9177848618668708,14.327986407732483,10.0,34.12,ok,
ksc,60,45,Softmax,,,,,0.8948318663958474,0.8367150930667583,0.8309496038796039,0.8936864325465361,0.8373264872015899,44.20547189795628,,31.44,ok,
ksc,60,46,SOP-SSFCM_r0,0.99,914.2043188149244,9.234387058736615,0.8265866918057129,0.8839990972692394,0.8292617534206033,0.8099153158328041,0.8840913452312416,0.8275985024967238,4.958417945859657,10.0,27.97,ok,
ksc,60,46,SOP-SSFCM_r1,0.99,914.2043188149244,9.234387058736615,0.8394151651824421,0.9311667795080116,0.8998605393910544,0.8799270916305724,0.9305315678372672,0.9004479877087171,19.1068352681848,10.0,32.78,ok,
ksc,60,46,SOP-SSFCM_r2,0.99,914.2043188149244,9.234387058736615,0.8445315666361604,0.947190250507786,0.9280053156529624,0.8970522063141455,0.9456918057954328,0.926410149336292,21.27197258436112,10.0,32.92,ok,
ksc,60,46,Softmax,,,,,0.8855788761002031,0.8310520800127948,0.8110090088849673,0.8856265592016888,0.8293583045167042,24.97613529074168,,31.57,ok,
ksc,60,47,SOP-SSFCM_r0,0.99,892.4657012915693,9.014805063551211,0.8174961649984805,0.8966373279169487,0.8373465114445141,0.8324203706630412,0.8954135482632892,0.837624605834685,10.809146449677016,10.0,27.96,ok,
ksc,60,47,SOP-SSFCM_r1,0.99,892.4657012915693,9.014805063551211,0.8293155511950614,0.9401940871135184,0.9120318216075272,0.8872467440862811,0.9376319324505852,0.9113644545258716,11.806465495498331,10.0,32.31,ok,
ksc,60,47,SOP-SSFCM_r2,0.99,892.4657012915693,9.014805063551211,0.8357589221705799,0.9476416158880614,0.9327722982761124,0.8900132200551331,0.9443484935712916,0.930065207283186,13.033380115412765,10.0,32.43,ok,
ksc,60,47,Softmax,,,,,0.8966373279169487,0.8371924378705918,0.8315914747765987,0.8956054500095951,0.837740954515452,40.9859362322217,,30.42,ok,
ksc,60,48,SOP-SSFCM_r0,0.99,869.8288356644816,8.786149855196792,0.8060103479869595,0.8955089144662605,0.8379624798577159,0.8316614619305432,0.8925350220687008,0.8366262250273993,5.095980233155074,10.0,28.0,ok,
ksc,60,48,SOP-SSFCM_r1,0.99,869.8288356644816,8.786149855196792,0.8166349167482587,0.9316181448882872,0.907683284221375,0.8785946034520263,0.9307234695835732,0.9059260279008472,24.267092933313343,10.0,32.4,ok,
ksc,60,48,SOP-SSFCM_r2,0.99,869.8288356644816,8.786149855196792,0.8210053870474854,0.941773865944482,0.929086098932346,0.8879072997083297,0.9393590481673384,0.926607472204226,27.43551279630632,10.0,32.45,ok,
ksc,60,48,Softmax,,,,,0.8955089144662605,0.8379884786920065,0.8310307627244468,0.8923431203223949,0.83650544237333,24.74228987927412,,31.59,ok,
ksc,60,49,SOP-SSFCM_r0,0.99,902.8323289125696,9.119518473864348,0.8178805590725834,0.8928007221846085,0.836544097224206,0.8249268146223294,0.8908079063519478,0.8343529163183115,205.68352412850425,10.0,27.93,ok,
ksc,60,49,SOP-SSFCM_r1,0.99,902.8323289125696,9.119518473864348,0.8254020074032219,0.9320695102685624,0.9031519900804128,0.8832087184527935,0.9305315678372672,0.9013456699082704,109.8667797435143,10.0,29.0,ok,
ksc,60,49,SOP-SSFCM_r2,0.99,902.8323289125696,9.119518473864348,0.828138477353739,0.9496727600993004,0.9268399690459788,0.9061487948373076,0.9479946267511036,0.9257753887548242,86.92209415786276,10.0,29.05,ok,
ksc,60,49,Softmax,,,,,0.8950575490859851,0.8389939637049053,0.8275773716326769,0.8929188255613126,0.8366211942021843,746.8219215857431,,32.01,ok,
ksc,60,50,SOP-SSFCM_r0,0.99,882.8183857601906,8.917357431921126,0.8114534034011697,0.8828706838185512,0.8174769089623038,0.8163224415266307,0.8831318364997122,0.8192594126381014,13.15598545470993,10.0,27.91,ok,
ksc,60,50,SOP-SSFCM_r1,0.99,882.8183857601906,8.917357431921126,0.8230134737213489,0.9266531257052584,0.8947100338393297,0.8749524604188357,0.925925925925926,0.8945190819719638,13.025274536104067,10.0,27.98,ok,
ksc,60,50,SOP-SSFCM_r2,0.99,882.8183857601906,8.917357431921126,0.8295372710724715,0.941773865944482,0.9262115969247028,0.8878436047641135,0.940126655152562,0.9235792578438546,13.085235229906594,10.0,28.02,ok,
ksc,60,50,Softmax,,,,,0.8835477318889641,0.8175521420685935,0.8165545872198539,0.883515639992324,0.8190580260801902,35.603581819549454,,28.14,ok,
ksc,60,51,SOP-SSFCM_r0,0.99,927.4913381731176,9.368599375486044,0.8149913581607078,0.8853531934100655,0.8225012336517963,0.8207784033645091,0.8814047207829592,0.8197197731100773,40.50562409426437,10.0,28.0,ok,
ksc,60,51,SOP-SSFCM_r1,0.99,927.4913381731176,9.368599375486044,0.8285544592156329,0.9354547506206274,0.9022665863134984,0.8923379339401366,0.9286125503742084,0.8969013524425865,44.94116203608189,10.0,28.0,ok,
ksc,60,51,SOP-SSFCM_r2,0.99,927.4913381731176,9.368599375486044,0.8346339400317216,0.9442563755359964,0.9269169370901968,0.8952515314011453,0.9387833429284208,0.9216488626760988,47.35589288897313,10.0,28.05,ok,
ksc,60,51,Softmax,,,,,0.8851275107199278,0.8225514307317453,0.8198642517780103,0.8814047207829592,0.8199804612301648,102.95340410828508,,35.32,ok,
indian_pines,5,42,SOP-SSFCM_r0,0.99,4862.832738961301,49.11952261577076,0.9675982570748748,0.4292457468777657,0.4174858882399819,0.4437888651925202,0.4337008488633037,0.4211668508500663,3.412703626941855,5.0,5.56,ok,
indian_pines,5,42,SOP-SSFCM_r1,0.99,4862.832738961301,49.11952261577076,0.9774912179950802,0.5330907660536925,0.5056179988247786,0.55367784920067,0.5359547272904673,0.5085788579926682,4.043755462821808,5.0,5.45,ok,
indian_pines,5,42,SOP-SSFCM_r2,0.99,4862.832738961301,49.11952261577076,0.979164059455857,0.5691808437407808,0.5358362394155298,0.5756861875629606,0.5714703873548639,0.5382909447085888,4.938700273772982,5.0,5.45,ok,
indian_pines,5,42,Softmax,,,,,0.4282623660143573,0.4169071837768114,0.4422161718246892,0.4327251439164796,0.4205806052885478,4.772977720051968,,8.33,ok,
indian_pines,5,43,SOP-SSFCM_r0,0.99,5232.766068634674,52.85622291550181,0.9710035966820942,0.4102664962139837,0.4214339242129734,0.4403292120131493,0.4138940384427749,0.4248724736638258,2.741698796503423,5.0,5.43,ok,
indian_pines,5,43,SOP-SSFCM_r1,0.99,5232.766068634674,52.85622291550181,0.9791620788685648,0.4797915232569574,0.5009010737915804,0.5140287468007511,0.4821933847204605,0.5034099356426702,3.2961770718108725,5.0,5.47,ok,
indian_pines,5,43,SOP-SSFCM_r2,0.99,5232.766068634674,52.85622291550181,0.9813618290514292,0.496607336021241,0.5197186702501705,0.5348986647652877,0.4989755098058347,0.5220664727267833,4.466288240367527,5.0,5.48,ok,
indian_pines,5,43,Softmax,,,,,0.4107581866456878,0.421262285327541,0.4406696339682073,0.4143818909161869,0.4247032202072888,4.436453532887388,,8.39,ok,
indian_pines,5,44,SOP-SSFCM_r0,0.99,4771.957916374564,48.20159511489462,0.9686347026300778,0.4733995476448028,0.4424431364853718,0.4467227815756132,0.4774124304810225,0.4459452578220237,5.435749155050593,5.0,5.45,ok,
indian_pines,5,44,SOP-SSFCM_r1,0.99,4771.957916374564,48.20159511489462,0.9767406460086184,0.5748844527485495,0.539412262796326,0.5670834267599509,0.5773246170358084,0.5422664977064657,5.992420772507867,5.0,5.49,ok,
indian_pines,5,44,SOP-SSFCM_r2,0.99,4771.957916374564,48.20159511489462,0.9787675386694076,0.6000590028518045,0.5667035387261835,0.5917823398666715,0.60210752268514,0.5692147169730034,6.197503986748053,5.0,5.49,ok,
indian_pines,5,44,Softmax,,,,,0.4736945619038253,0.442229152602418,0.4472354488166078,0.4775100009757049,0.4457358544404429,8.67065730984584,,8.16,ok,
indian_pines,5,45,SOP-SSFCM_r0,0.99,5413.630080195035,54.68313212318221,0.969947090285178,0.4114465532500737,0.4241691342969127,0.4338284275495496,0.4160405893257878,0.4274874890424455,2.5448230365621614,5.0,5.55,ok,
indian_pines,5,45,SOP-SSFCM_r1,0.99,5413.630080195035,54.68313212318221,0.9771548474905684,0.4998524928704887,0.5018952394415404,0.521712867442579,0.5025856181090839,0.5043082525448053,2.895528880935196,5.0,5.47,ok,
indian_pines,5,45,SOP-SSFCM_r2,0.99,5413.630080195035,54.68313212318221,0.9785612894017012,0.5220769003835185,0.5199374331842467,0.5471513351018367,0.524636549907308,0.5223169121066557,3.088975217894837,5.0,5.48,ok,
indian_pines,5,45,Softmax,,,,,0.4111515389910512,0.4234748090675768,0.4341469831055348,0.4157478778417406,0.4268014843084247,4.2489298583214845,,8.18,ok,
indian_pines,5,46,SOP-SSFCM_r0,0.99,4886.619768921144,49.35979564566816,0.9708748994637216,0.486183498869112,0.4472498074441581,0.4834751949915047,0.490194165284418,0.4507813955361401,3.2152412194994024,5.0,5.42,ok,
indian_pines,5,46,SOP-SSFCM_r1,0.99,4886.619768921144,49.35979564566816,0.9781175558309712,0.6007473694561903,0.5503708586864744,0.6028853058736994,0.6030832276319641,0.5531286815360967,4.087852515561986,5.0,5.48,ok,
indian_pines,5,46,SOP-SSFCM_r2,0.99,4886.619768921144,49.35979564566816,0.979224156352413,0.6262169338184679,0.5806587226079304,0.6318763341962128,0.6283539857547078,0.5830393374195296,5.075384033958303,5.0,5.48,ok,
indian_pines,5,46,Softmax,,,,,0.4866751893008162,0.4477043631031588,0.4849856964893775,0.49068201775783,0.4512394205710894,5.221113677781419,,8.37,ok,
indian_pines,5,47,SOP-SSFCM_r0,0.99,4897.178241664506,49.4664468855001,0.9677229214174892,0.4580588061756318,0.425613717484985,0.4446351027292113,0.4622890038052493,0.4290758429224532,2.5984344271609574,5.0,5.42,ok,
indian_pines,5,47,SOP-SSFCM_r1,0.99,4897.178241664506,49.4664468855001,0.9786201552999138,0.5805880617563183,0.5238242106106167,0.5820522376365198,0.582983705727388,0.5263866763849508,2.840329335557173,5.0,5.46,ok,
indian_pines,5,47,SOP-SSFCM_r2,0.99,4897.178241664506,49.4664468855001,0.9805514026413412,0.618153210738519,0.5586107569453984,0.6268625819543485,0.6202556346960679,0.5610028905321288,7.230205814324672,5.0,5.46,ok,
indian_pines,5,47,Softmax,,,,,0.457960468089291,0.4258815807846783,0.4451479533252115,0.4621914333105669,0.4293442927140706,4.140184883409583,,8.35,ok,
indian_pines,5,48,SOP-SSFCM_r0,0.99,5206.413649333054,52.59003686195009,0.9727935910038276,0.4713344478316452,0.4587881126295482,0.4751672191241278,0.4754610205873744,0.4620831009499674,4.929653991018027,5.0,5.41,ok,
indian_pines,5,48,SOP-SSFCM_r1,0.99,5206.413649333054,52.59003686195009,0.979227381374834,0.569672534172485,0.534549091215437,0.5782037887803069,0.5718606693335935,0.5370792702452851,5.224993967787368,5.0,5.49,ok,
indian_pines,5,48,SOP-SSFCM_r2,0.99,5206.413649333054,52.59003686195009,0.9802349025172676,0.6034024977873931,0.5613935630487592,0.6118782805364297,0.6054249195043419,0.5637664072226436,3.8741102460001984,5.0,5.49,ok,
indian_pines,5,48,Softmax,,,,,0.4708427573999409,0.4580604467901564,0.4748222905521423,0.4749731681139623,0.4613623952780049,7.745803649298199,,8.2,ok,
indian_pines,5,49,SOP-SSFCM_r0,0.99,5220.130363537232,52.72858953067915,0.9707473235328956,0.4731045333857803,0.4533724378953289,0.4604667081331346,0.4772172894916577,0.4566767530879607,3.1300985548548463,5.0,5.43,ok,
indian_pines,5,49,SOP-SSFCM_r1,0.99,5220.130363537232,52.72858953067915,0.9807434033036532,0.5700658865178484,0.5357401576348573,0.5507260586800979,0.5723485218070056,0.5383115909870987,2.545870399529992,5.0,5.47,ok,
indian_pines,5,49,SOP-SSFCM_r2,0.99,5220.130363537232,52.72858953067915,0.9824385701139186,0.6020257645786213,0.563296619875291,0.5882892155037998,0.6040589325787882,0.5657069521019048,2.599970120221844,5.0,5.47,ok,
indian_pines,5,49,Softmax,,,,,0.4732028714721211,0.4536925533160275,0.4609757771924904,0.4773148599863401,0.4570010630535555,5.076886475724541,,8.19,ok,
indian_pines,5,50,SOP-SSFCM_r0,0.99,5507.020520297345,55.62646990199343,0.9734926180706248,0.4506834497000688,0.4286590651927812,0.4451093562668087,0.4549712167040687,0.432082235793,1.8043489857099857,5.0,5.53,ok,
indian_pines,5,50,SOP-SSFCM_r1,0.99,5507.020520297345,55.62646990199343,0.979257557291824,0.5324023994493067,0.5160671117721869,0.5577521724322748,0.5347838813542785,0.5184218123226704,2.1733814205514266,5.0,5.5,ok,
indian_pines,5,50,SOP-SSFCM_r2,0.99,5507.020520297345,55.62646990199343,0.980377106560082,0.5560035401711083,0.5438368831943939,0.5981629267853841,0.5582008000780564,0.5460736909501769,2.612623401443776,5.0,5.5,ok,
indian_pines,5,50,Softmax,,,,,0.4508801258727505,0.428272054660388,0.4453409606529713,0.4551663576934335,0.4317017071930342,2.52036088241078,,8.23,ok,
indian_pines,5,51,SOP-SSFCM_r0,0.99,4657.083366219808,47.04124612343245,0.9670828424274772,0.5060477923099617,0.4525699045849084,0.4960693989725969,0.5099034052102644,0.4562344307933887,2.851009387674252,5.0,5.39,ok,
indian_pines,5,51,SOP-SSFCM_r1,0.99,4657.083366219808,47.04124612343245,0.9748649139307402,0.5932736748942865,0.5361317270913776,0.6055051434975107,0.5958630110254659,0.539223193472904,4.23323664772527,5.0,5.48,ok,
indian_pines,5,51,SOP-SSFCM_r2,0.99,4657.083366219808,47.04124612343245,0.9759371633637232,0.6216933818467892,0.5628795229567349,0.6413973490561606,0.623865742999317,0.5655577857527648,3.902269664269852,5.0,5.48,ok,
indian_pines,5,51,Softmax,,,,,0.5060477923099617,0.4522253490211551,0.4965674242847125,0.5099034052102644,0.4558970014917304,3.9199291837684127,,8.46,ok,
indian_pines,10,42,SOP-SSFCM_r0,0.99,4757.921814578874,48.05981630887755,0.9634186711002916,0.4936068986024383,0.4656930612529872,0.4984550022771424,0.5015123426675773,0.4726613414540497,3.4341597252215306,5.0,7.55,ok,
indian_pines,10,42,SOP-SSFCM_r1,0.99,4757.921814578874,48.05981630887755,0.975049106987642,0.6048171275646744,0.5619380306902784,0.6209694881757861,0.6093277392916382,0.5675478957812132,2.864983352060417,5.0,7.65,ok,
indian_pines,10,42,SOP-SSFCM_r2,0.99,4757.921814578874,48.05981630887755,0.977420078350088,0.6356427792645456,0.5925379004757256,0.6557946601151301,0.6394770221485023,0.5975914483900514,3.193999009258372,5.0,7.65,ok,
indian_pines,10,42,Softmax,,,,,0.4931113093468133,0.4651132279746817,0.497764615873646,0.5010244901941653,0.4720869976536556,4.887713833512679,,10.11,ok,
indian_pines,10,43,SOP-SSFCM_r0,0.99,4504.123562584052,45.49619760185914,0.9627120278043512,0.4929130736445634,0.4631346505535505,0.5004778504551171,0.5008293492048005,0.4701082006232449,4.135967349855238,5.0,7.63,ok,
indian_pines,10,43,SOP-SSFCM_r1,0.99,4504.123562584052,45.49619760185914,0.9746032331363876,0.6453563286747943,0.5893708855168652,0.6512148860588705,0.6491365011220607,0.5941928462359356,4.508731079710507,5.0,7.66,ok,
indian_pines,10,43,SOP-SSFCM_r2,0.99,4504.123562584052,45.49619760185914,0.976669095043894,0.6851025869759143,0.630396635345802,0.6799102005349977,0.6885549809737536,0.6348621881469991,3.948355305395031,5.0,7.66,ok,
indian_pines,10,43,Softmax,,,,,0.4930121914956883,0.4632284866821315,0.5008356933510016,0.5009269196994829,0.4702011212277436,6.893757028298973,,10.12,ok,
indian_pines,10,44,SOP-SSFCM_r0,0.99,4320.5304126607625,43.64172134000774,0.9620835672371651,0.5058975121419368,0.4684592328669741,0.5093350449682562,0.5136110840081959,0.4756426516139069,3.2818564353053823,5.0,7.56,ok,
indian_pines,10,44,SOP-SSFCM_r1,0.99,4320.5304126607625,43.64172134000774,0.972614846452762,0.6309842402616711,0.5831687316451265,0.6572193594364482,0.6345009269196995,0.5882285195198016,3.896934790633782,5.0,7.59,ok,
indian_pines,10,44,SOP-SSFCM_r2,0.99,4320.5304126607625,43.64172134000774,0.9743560927716036,0.6664684309644167,0.6167232423090302,0.6986099081259886,0.669528734510684,0.6209810537896773,3.4087543846586272,5.0,7.59,ok,
indian_pines,10,44,Softmax,,,,,0.5056992764396868,0.468045669438384,0.5096221574390194,0.5134159430188311,0.4752444022347726,4.682092743821875,,9.69,ok,
indian_pines,10,45,SOP-SSFCM_r0,0.99,4860.7606014766525,49.098591934107645,0.9596171648423852,0.5613043909208049,0.4835490471815226,0.5460078096526624,0.568152990535662,0.4910434503908247,3.0055350979690627,5.0,7.6,ok,
indian_pines,10,45,SOP-SSFCM_r1,0.99,4860.7606014766525,49.098591934107645,0.9689759282421516,0.6713252056695411,0.5911714295112475,0.6605329769310272,0.6749926822128988,0.5966047653896879,4.752653840309911,5.0,7.64,ok,
indian_pines,10,45,SOP-SSFCM_r2,0.99,4860.7606014766525,49.098591934107645,0.9712002384444004,0.7000693824957875,0.6247657414215351,0.6872973080665633,0.7034832666601619,0.629574541090813,4.620402240021368,5.0,7.65,ok,
indian_pines,10,45,Softmax,,,,,0.5614035087719298,0.4832719814709547,0.5460606103198407,0.5682505610303444,0.4907716182331609,4.834339939099986,,9.6,ok,
indian_pines,10,46,SOP-SSFCM_r0,0.99,4408.7229709403055,44.53255526202332,0.9623772211276288,0.5308752106254336,0.4735911066186621,0.5339739874790244,0.5381988486681627,0.4810142644401632,3.667439072818951,5.0,7.59,ok,
indian_pines,10,46,SOP-SSFCM_r1,0.99,4408.7229709403055,44.53255526202332,0.9702074591233472,0.6461492714837942,0.5652014114319961,0.6583270534432898,0.6502097765635672,0.5710133520268511,4.114779930590881,5.0,7.72,ok,
indian_pines,10,46,SOP-SSFCM_r2,0.99,4408.7229709403055,44.53255526202332,0.9724585225627468,0.6899593616810388,0.6066222008296636,0.6934639982483883,0.6933359352131915,0.6115452839031712,6.6042671835135565,5.0,7.72,ok,
indian_pines,10,46,Softmax,,,,,0.5302805035186837,0.4737003910731437,0.5343101587995034,0.5376134257000683,0.4811268340101516,5.999479683166486,,10.24,ok,
indian_pines,10,47,SOP-SSFCM_r0,0.99,4776.793972791038,48.25044416960649,0.9613641371173992,0.4648627217761918,0.4431831260185449,0.4888504937933121,0.473216899209679,0.4504959383556697,2.645692342861512,5.0,7.59,ok,
indian_pines,10,47,SOP-SSFCM_r1,0.99,4776.793972791038,48.25044416960649,0.9706757287096874,0.5548617305976806,0.5271822426479768,0.5995591056439203,0.559761927992975,0.5329284860289443,3.160482621741672,5.0,7.88,ok,
indian_pines,10,47,SOP-SSFCM_r2,0.99,4776.793972791038,48.25044416960649,0.9719857840352316,0.5818217861036773,0.5571773429539899,0.6106275460269783,0.5864962435359548,0.562381159595835,3.184808802304162,5.0,7.88,ok,
indian_pines,10,47,Softmax,,,,,0.4649618396273168,0.4433226298361452,0.4891903739012898,0.4733144697043614,0.4506411936374945,3.992995230496164,,10.44,ok,
indian_pines,10,48,SOP-SSFCM_r0,0.99,4620.742766171063,46.674169355263295,0.962222346397206,0.512141936762811,0.4729139728087594,0.5259399157554164,0.5197580251731876,0.4803234520090128,4.217646691366897,5.0,7.55,ok,
indian_pines,10,48,SOP-SSFCM_r1,0.99,4620.742766171063,46.674169355263295,0.9725956954369774,0.6196848052334225,0.5702349817735481,0.6560811766973547,0.6237681725046346,0.5757255017474835,3.956694654331592,5.0,7.74,ok,
indian_pines,10,48,SOP-SSFCM_r2,0.99,4620.742766171063,46.674169355263295,0.974833828590831,0.648131628506294,0.6010207940091769,0.6842061090326139,0.6515757634891209,0.6056046263023438,4.05007809586032,5.0,7.75,ok,
indian_pines,10,48,Softmax,,,,,0.5127366438695609,0.473290343615128,0.5268764797751404,0.5203434481412821,0.4807072066942393,7.333966824991325,,10.87,ok,
indian_pines,10,49,SOP-SSFCM_r0,0.99,4656.32538422701,47.03358973966681,0.9605088345488344,0.4784418673803152,0.4620150757064817,0.5051296299557909,0.4865840569811689,0.4692206995120479,3.9553418830935,5.0,7.59,ok,
indian_pines,10,49,SOP-SSFCM_r1,0.99,4656.32538422701,47.03358973966681,0.9705711301366196,0.5571414411735554,0.540834889018034,0.6191507227509687,0.5616157673919406,0.54639318604859,2.0092123184098005,5.0,7.76,ok,
indian_pines,10,49,SOP-SSFCM_r2,0.99,4656.32538422701,47.03358973966681,0.9719998618021044,0.5788482505699276,0.566849343683775,0.6442658142431248,0.5832764172114353,0.572232350603981,2.3014084286766665,5.0,7.76,ok,
indian_pines,10,49,Softmax,,,,,0.4785409852314402,0.4619250223305219,0.5053065986972465,0.4866816274758513,0.4691332454038712,6.902849919950816,,11.15,ok,
indian_pines,10,50,SOP-SSFCM_r0,0.99,4185.204479231948,42.27479271951467,0.9565482583968568,0.5196748934483101,0.4670540760582987,0.5303394546930671,0.5271733827690507,0.4745825987551754,7.7631797988467826,5.0,7.64,ok,
indian_pines,10,50,SOP-SSFCM_r1,0.99,4185.204479231948,42.27479271951467,0.9679475904141692,0.6454554465259194,0.5723241434990604,0.6633517058926208,0.6486486486486487,0.5771432260081336,4.93229614742527,5.0,7.82,ok,
indian_pines,10,50,SOP-SSFCM_r2,0.99,4185.204479231948,42.27479271951467,0.9705396230104952,0.6894637724254138,0.6110512349270233,0.7079883590764577,0.6924578007610499,0.6158060437946501,5.348489900879821,5.0,7.82,ok,
indian_pines,10,50,Softmax,,,,,0.519575775597185,0.4667108251312398,0.5303186214484639,0.5270758122743683,0.4742486026136882,12.021920730400852,,12.71,ok,
indian_pines,10,51,SOP-SSFCM_r0,0.99,4484.072798771194,45.2936646340525,0.9622696707995694,0.5008425017345624,0.4516968982128743,0.516873151879834,0.5086349887793931,0.4593986548981719,4.412068114601504,5.0,7.61,ok,
indian_pines,10,51,SOP-SSFCM_r1,0.99,4484.072798771194,45.2936646340525,0.9723315545435168,0.6133412627614233,0.5556878219209186,0.6454808898686887,0.6180115133183726,0.5616713822482157,4.428447304580378,5.0,7.84,ok,
indian_pines,10,51,SOP-SSFCM_r2,0.99,4484.072798771194,45.2936646340525,0.9744030367085196,0.6495192784220438,0.5923183859566877,0.6687737388872953,0.6534296028880866,0.5975167712922876,3.681645298884665,5.0,7.84,ok,
indian_pines,10,51,Softmax,,,,,0.5007433838834374,0.451754650249383,0.5171581175436035,0.5085374182847107,0.4594595695063825,7.106673613736415,,13.39,ok,
indian_pines,20,42,SOP-SSFCM_r0,0.99,4183.327470758063,42.25583303796027,0.9539884668020128,0.5995568536609931,0.5150495518563858,0.5692986041934243,0.6120597131427457,0.5299422007067132,4.824563497246852,5.0,11.81,ok,
indian_pines,20,42,SOP-SSFCM_r1,0.99,4183.327470758063,42.25583303796027,0.9612544685406772,0.7275657165877731,0.6428042856883475,0.6948265730697003,0.7336325495170261,0.6527086870123711,5.0941638385889645,5.0,12.25,ok,
indian_pines,20,42,SOP-SSFCM_r2,0.99,4183.327470758063,42.25583303796027,0.963806334818665,0.7545573572363783,0.6792785578305439,0.7119900266597365,0.7599765830812762,0.6876594010349417,6.760288677787022,5.0,12.25,ok,
indian_pines,20,42,Softmax,,,,,0.5995568536609931,0.5149964470110494,0.5694166949952942,0.6120597131427457,0.5298930091918082,6.855609126970332,,13.54,ok,
indian_pines,20,43,SOP-SSFCM_r0,0.99,4159.569156461861,42.01585006527136,0.9563611361384372,0.5500050357538524,0.4872856510355401,0.5168032640277043,0.5640550297590009,0.5019914892155107,5.490504208207198,5.0,11.8,ok,
indian_pines,20,43,SOP-SSFCM_r1,0.99,4159.569156461861,42.01585006527136,0.9670108656155436,0.6780138986806324,0.6148173597794496,0.6380360146572903,0.6834813152502683,0.6236210030228228,4.276310189830751,5.0,11.71,ok,
indian_pines,20,43,SOP-SSFCM_r2,0.99,4159.569156461861,42.01585006527136,0.969328017138058,0.7112498741061537,0.6500187879279314,0.6685297241556686,0.7168504244316519,0.6581510070925084,4.733416208202211,5.0,11.71,ok,
indian_pines,20,43,Softmax,,,,,0.5501057508308994,0.4874847989445424,0.5169350262597452,0.5641526002536833,0.5022010156555551,7.276776072997686,,13.43,ok,
indian_pines,20,44,SOP-SSFCM_r0,0.99,4110.226819787185,41.517442624113016,0.9559922806963906,0.6052976130526739,0.5234421055218368,0.5859810199170739,0.6174260903502781,0.5383696298396782,3.064532767588348,5.0,11.85,ok,
indian_pines,20,44,SOP-SSFCM_r1,0.99,4110.226819787185,41.517442624113016,0.965006863096352,0.7312921744385135,0.6454987491611968,0.7021411063374843,0.7362669528734511,0.6546445002427291,2.6062215770948622,5.0,11.78,ok,
indian_pines,20,44,SOP-SSFCM_r2,0.99,4110.226819787185,41.517442624113016,0.9670268096932038,0.7649310101722228,0.685739823932314,0.7353245131269024,0.7694409210654698,0.6942147371931116,2.961275375937005,5.0,11.78,ok,
indian_pines,20,44,Softmax,,,,,0.6057004733608621,0.5234583682113595,0.5861976158882487,0.6178163723290077,0.5384054614699538,4.597293770830909,,13.46,ok,
indian_pines,20,45,SOP-SSFCM_r0,0.99,4003.6083097592887,40.44048797736659,0.9490956142467584,0.5189847920233659,0.4821929233715761,0.5095655849465237,0.5281490877158748,0.4966758026279602,5.09650295596785,5.0,11.86,ok,
indian_pines,20,45,SOP-SSFCM_r1,0.99,4003.6083097592887,40.44048797736659,0.9598577232451252,0.626246349078457,0.6035304591617466,0.6185583152001795,0.630793248121768,0.612713465651008,6.130707067014423,5.0,11.8,ok,
indian_pines,20,45,SOP-SSFCM_r2,0.99,4003.6083097592887,40.44048797736659,0.961510388380488,0.6552522912680028,0.6476099979849338,0.6585158921591999,0.6603571080105376,0.6557873348114561,5.0198296361279935,5.0,11.8,ok,
indian_pines,20,45,Softmax,,,,,0.5188840769463189,0.4821002803817046,0.5094814374722288,0.5280515172211923,0.4965889095788757,7.128426354735075,,13.48,ok,
indian_pines,20,46,SOP-SSFCM_r0,0.99,4064.91476387397,41.059745089636095,0.950248586929446,0.5893846308792426,0.5103664304158367,0.5282087882201518,0.6022050931798224,0.5247996211592872,8.6762331529229,5.0,11.83,ok,
indian_pines,20,46,SOP-SSFCM_r1,0.99,4064.91476387397,41.059745089636095,0.957750822711682,0.7085305670258838,0.6258172296412383,0.6455051413173764,0.7147038735486388,0.6355262085506311,9.203337957377483,5.0,11.82,ok,
indian_pines,20,46,SOP-SSFCM_r2,0.99,4064.91476387397,41.059745089636095,0.9600841029129188,0.735723637828583,0.6598251063119905,0.6669477650661602,0.7408527661235242,0.6680477435195347,7.451189548417717,5.0,11.82,ok,
indian_pines,20,46,Softmax,,,,,0.5889817705710545,0.5096773711494765,0.528059065823932,0.6018148112010928,0.5241644431719299,14.342133091668474,,13.61,ok,
indian_pines,20,47,SOP-SSFCM_r0,0.99,4276.512162041214,43.19709254587088,0.9522189769712902,0.5967368315036761,0.5255083793473415,0.5730366884017523,0.6093277392916382,0.5401326923895929,4.046748751311623,5.0,11.8,ok,
indian_pines,20,47,SOP-SSFCM_r1,0.99,4276.512162041214,43.19709254587088,0.9565582796668354,0.6963440427031927,0.6306088957394342,0.7225843512117438,0.7026051322080203,0.641082162815958,3.858511684850685,5.0,11.83,ok,
indian_pines,20,47,SOP-SSFCM_r2,0.99,4276.512162041214,43.19709254587088,0.9577518431733052,0.7138684661093766,0.6561157934159904,0.7417505969529193,0.7188994048199825,0.6646013358255034,4.188687290103447,5.0,11.83,ok,
indian_pines,20,47,Softmax,,,,,0.5966361164266291,0.5251345859301846,0.5737519479701513,0.6092301687969558,0.539787011788693,5.439858660695522,,13.37,ok,
indian_pines,20,48,SOP-SSFCM_r0,0.99,4051.8704176157935,40.92798401632119,0.9515884256906896,0.5980461275052875,0.5176870842151831,0.5812597525849628,0.6105961557225095,0.5326545223091901,4.382190135215096,5.0,11.84,ok,
indian_pines,20,48,SOP-SSFCM_r1,0.99,4051.8704176157935,40.92798401632119,0.9603096099692316,0.7177963541142109,0.6270154947594034,0.7022485520164785,0.7237779295541028,0.6369890945943385,5.3889615058072105,5.0,11.79,ok,
indian_pines,20,48,SOP-SSFCM_r2,0.99,4051.8704176157935,40.92798401632119,0.963209674820849,0.7494208883069795,0.6614254523497788,0.7275790357135588,0.7547077763684262,0.6704244729715038,4.239320484816084,5.0,11.79,ok,
indian_pines,20,48,Softmax,,,,,0.5973411219659583,0.5169920569393677,0.5800256914672794,0.6099131622597327,0.53195810000158,9.282557571280428,,13.37,ok,
indian_pines,20,49,SOP-SSFCM_r0,0.99,4264.5068194264,43.07582645885255,0.9530505349392382,0.6058011884379092,0.5353520787980106,0.5799586185410841,0.618109083813055,0.5497227736665985,7.770065990388284,5.0,11.79,ok,
indian_pines,20,49,SOP-SSFCM_r1,0.99,4264.5068194264,43.07582645885255,0.9601553139933366,0.7143720414946118,0.6541416191139283,0.7131487203513105,0.7203629622402186,0.6633734104904472,7.187339915376546,5.0,11.77,ok,
indian_pines,20,49,SOP-SSFCM_r2,0.99,4264.5068194264,43.07582645885255,0.9624741641627884,0.7309900292073723,0.6857447939263597,0.7311024354254654,0.7364620938628159,0.6936558895261072,5.720576167237002,5.0,11.77,ok,
indian_pines,20,49,Softmax,,,,,0.6049954678215329,0.5349181744669596,0.5791456382105309,0.6173285198555957,0.5492876140061944,11.971843107118618,,13.47,ok,
indian_pines,20,50,SOP-SSFCM_r0,0.99,4137.670238001057,41.79464886869759,0.9536669474286196,0.5758888105549401,0.5137864199140079,0.58026257810058,0.5890330763976973,0.5291017502597973,7.045429617442975,5.0,11.87,ok,
indian_pines,20,50,SOP-SSFCM_r1,0.99,4137.670238001057,41.79464886869759,0.9630619701148384,0.6935240205458757,0.6264990621890971,0.693815854198661,0.6994828763781832,0.6357436833173771,6.00914147069664,5.0,11.69,ok,
indian_pines,20,50,SOP-SSFCM_r2,0.99,4137.670238001057,41.79464886869759,0.9654247563439562,0.7193070802699164,0.6595582884316228,0.7219568055829979,0.7247536345009269,0.668099225686776,6.003980522334875,5.0,11.7,ok,
indian_pines,20,50,Softmax,,,,,0.5746802296303757,0.5125956263393951,0.5793329057356469,0.5878622304615084,0.5279430975373307,10.028842127128076,,13.48,ok,
indian_pines,20,51,SOP-SSFCM_r0,0.99,4329.245646830097,43.72975400838485,0.9524894584719112,0.6038876019740155,0.5241171980786231,0.5492746711116764,0.6161576739194068,0.53819771655982,3.7862371410074256,5.0,11.78,ok,
indian_pines,20,51,SOP-SSFCM_r1,0.99,4329.245646830097,43.72975400838485,0.9596293602148582,0.7302850236680432,0.6603392371030345,0.6849724662868628,0.735779100400039,0.668718991047408,3.1971769399511576,5.0,11.75,ok,
indian_pines,20,51,SOP-SSFCM_r2,0.99,4329.245646830097,43.72975400838485,0.9620629280646318,0.7514351898479202,0.688979527985192,0.7240725710019306,0.7560737632939799,0.6964004473287202,3.514831463221044,5.0,11.75,ok,
indian_pines,20,51,Softmax,,,,,0.602578305972404,0.523045342269774,0.5480250287329197,0.6148892574885355,0.5371435679284238,5.42083724803968,,13.48,ok,
indian_pines,40,42,SOP-SSFCM_r0,0.99,3916.960959377912,39.565262215938525,0.9397896517121092,0.6755523285966186,0.5741749359706726,0.5841580217811642,0.6942140696653332,0.5993916652354184,7.742408832225722,5.0,21.81,ok,
indian_pines,40,42,SOP-SSFCM_r1,0.99,3916.960959377912,39.565262215938525,0.9451405544146384,0.7918265740068458,0.7052676959828307,0.6861923656018769,0.7998829154063811,0.7201805871605216,9.33766615834548,5.0,22.07,ok,
indian_pines,40,42,SOP-SSFCM_r2,0.99,3916.960959377912,39.565262215938525,0.9473749390905106,0.8111191785084535,0.7325596456128417,0.7082751638547422,0.8178358864279441,0.7458252558744577,9.074237407339435,5.0,22.07,ok,
indian_pines,40,42,Softmax,,,,,0.6756560522767348,0.5742493060940725,0.584095311137095,0.6943116401600156,0.5994611732691535,10.194740802068434,,23.02,ok,
indian_pines,40,43,SOP-SSFCM_r0,0.99,4068.2582284032246,41.093517458618464,0.9410236934486914,0.6498288559278084,0.560211434250462,0.5794199411042977,0.6701141574787784,0.5864196355820913,5.243459150097275,5.0,21.93,ok,
indian_pines,40,43,SOP-SSFCM_r1,0.99,4068.2582284032246,41.093517458618464,0.9479650507193792,0.7636137330152474,0.6872470091224349,0.681402104732054,0.7722704654112597,0.7018229085046349,6.8352005997827945,5.0,22.1,ok,
indian_pines,40,43,SOP-SSFCM_r2,0.99,4068.2582284032246,41.093517458618464,0.9503512044859488,0.781661653355461,0.7142499371745504,0.6994364233181003,0.7898331544540931,0.7280908098318062,7.167364372822913,5.0,22.1,ok,
indian_pines,40,43,Softmax,,,,,0.6495176848874598,0.5601124219878562,0.5790472111787133,0.6698214459947311,0.5863130849470763,7.872390352188757,,22.7,ok,
indian_pines,40,44,SOP-SSFCM_r0,0.99,4154.630565334557,41.9659653064097,0.9467445094852828,0.6487916191266466,0.5479034494891537,0.5670832680760107,0.6692360230266368,0.5749031676462144,6.296464221092905,5.0,21.91,ok,
indian_pines,40,44,SOP-SSFCM_r1,0.99,4154.630565334557,41.9659653064097,0.9535815524303448,0.7772015351104657,0.6837291905623515,0.7338336626309834,0.7843692067518783,0.698578206363067,10.339801092395351,5.0,22.15,ok,
indian_pines,40,44,SOP-SSFCM_r2,0.99,4154.630565334557,41.9659653064097,0.9552725066422992,0.8048957577014832,0.7197039062991484,0.7716981834025027,0.8117865157576349,0.733867765215969,10.924473361621851,5.0,22.14,ok,
indian_pines,40,44,Softmax,,,,,0.6484804480862981,0.5480452753973993,0.5666264320381145,0.6688457410479071,0.5748347156016762,9.193957863235472,,22.89,ok,
indian_pines,40,45,SOP-SSFCM_r0,0.99,4144.667853256015,41.86533185107089,0.9451235663486832,0.6660097500259309,0.567866857635145,0.5825463089787112,0.6856278661332813,0.593736195673119,7.271027953537744,5.0,22.14,ok,
indian_pines,40,45,SOP-SSFCM_r1,0.99,4144.667853256015,41.86533185107089,0.9503089334010496,0.771289285343844,0.6823313344685553,0.673879909517256,0.7799785344911698,0.6975841130364375,4.004757525711076,5.0,22.24,ok,
indian_pines,40,45,SOP-SSFCM_r2,0.99,4144.667853256015,41.86533185107089,0.9518474775013748,0.7976351000933513,0.7121013868026878,0.6931692281150106,0.8055420040979607,0.7264567728911232,3.4407751152144894,5.0,22.24,ok,
indian_pines,40,45,Softmax,,,,,0.6658023026656986,0.5676894466964861,0.581648265882784,0.6854327251439165,0.5935388356901515,9.469523280998988,,22.98,ok,
indian_pines,40,46,SOP-SSFCM_r0,0.99,4098.477123409234,41.398758822315536,0.9429047852234974,0.6680842236282544,0.5722680782320504,0.5898326568308377,0.6870914235535174,0.5976170047294398,7.405862796081015,5.0,22.35,ok,
indian_pines,40,46,SOP-SSFCM_r1,0.99,4098.477123409234,41.398758822315536,0.9498937086569408,0.774297272067213,0.6843675481940892,0.6832325907545876,0.7831007903210069,0.6997978350109891,8.073758470958062,5.0,22.19,ok,
indian_pines,40,46,SOP-SSFCM_r2,0.99,4098.477123409234,41.398758822315536,0.9523377266315736,0.797427652733119,0.7114348193178991,0.7014269336921182,0.8051517221192311,0.7261764798506836,10.739891645227464,5.0,22.19,ok,
indian_pines,40,46,Softmax,,,,,0.6669432631469765,0.5712102172558371,0.5889395521531433,0.6860181481120109,0.5966011824811245,10.449976466549469,,22.82,ok,
indian_pines,40,47,SOP-SSFCM_r0,0.99,4183.019075726098,42.252717936627285,0.9458463646774288,0.6656985789855824,0.5684313158283094,0.584021630280994,0.6850424431651868,0.594139515146951,6.575796879893186,5.0,31.85,ok,
indian_pines,40,47,SOP-SSFCM_r1,0.99,4183.019075726098,42.252717936627285,0.94992865637732,0.7807281402344155,0.7004234216515538,0.6874034513133637,0.7884671675285394,0.7141052158870537,6.15351925221021,5.0,23.02,ok,
indian_pines,40,47,SOP-SSFCM_r2,0.99,4183.019075726098,42.252717936627285,0.951272010729295,0.7960792448916088,0.7218993435081716,0.704869890475786,0.8032978827202654,0.7354529286287977,5.725164535031217,5.0,23.03,ok,
indian_pines,40,47,Softmax,,,,,0.6655948553054662,0.5680647569519577,0.5831078169498706,0.6849448726705044,0.5937661717230678,9.674973772092088,,22.63,ok,
indian_pines,40,48,SOP-SSFCM_r0,0.99,3844.62138370831,38.8345594313971,0.9399547146082448,0.6373820143138679,0.564714899254556,0.5693912767743243,0.658308127622207,0.5904046276157835,7.0484690961494,5.0,29.0,ok,
indian_pines,40,48,SOP-SSFCM_r1,0.99,3844.62138370831,38.8345594313971,0.949063924223819,0.7583238253293226,0.692438077317474,0.7232714275301448,0.7677822226558688,0.7082323463052916,6.699607917350841,5.0,22.99,ok,
indian_pines,40,48,SOP-SSFCM_r2,0.99,3844.62138370831,38.8345594313971,0.9512236226605688,0.7823877191162742,0.7158000012778637,0.7507998340568031,0.7907112889062348,0.7303503799716057,7.216575640069511,5.0,23.0,ok,
indian_pines,40,48,Softmax,,,,,0.638108080074681,0.5650074683768446,0.5697321215444229,0.6589911210849839,0.590710771576821,12.492793508069626,,22.56,ok,
indian_pines,40,49,SOP-SSFCM_r0,0.99,4119.397915278592,41.61007995230905,0.9429264919757356,0.6384192511150295,0.5434287376247068,0.5595281831400465,0.6595765440530783,0.5701270062626956,4.13412840915587,5.0,32.35,ok,
indian_pines,40,49,SOP-SSFCM_r1,0.99,4119.397915278592,41.61007995230905,0.9476068553744792,0.7543823254849082,0.6779812719344492,0.6713239404660405,0.7645623963313494,0.6941137563531549,4.135303806739595,5.0,22.87,ok,
indian_pines,40,49,SOP-SSFCM_r2,0.99,4119.397915278592,41.61007995230905,0.9480444039635376,0.7793797323929053,0.710537048683448,0.6891316652154281,0.7885647380232218,0.724825779425245,3.770044777957305,5.0,22.87,ok,
indian_pines,40,49,Softmax,,,,,0.6376931853542164,0.5430915333352135,0.5586616333327226,0.6588935505903015,0.569766962078201,6.3516253588108125,,22.78,ok,
indian_pines,40,50,SOP-SSFCM_r0,0.99,4034.011188927324,40.7475877669427,0.947334224546362,0.653874079452339,0.5599604784381758,0.5702614064820102,0.6741145477607572,0.5861585024223368,8.447232069688486,5.0,27.02,ok,
indian_pines,40,50,SOP-SSFCM_r1,0.99,4034.011188927324,40.7475877669427,0.9555035485198432,0.7967015869723058,0.7054319849691745,0.6982045090087083,0.8034930237096302,0.7188919707923683,6.776694550277978,5.0,23.0,ok,
indian_pines,40,50,SOP-SSFCM_r2,0.99,4034.011188927324,40.7475877669427,0.957691270026835,0.8219064412405352,0.7391371066171833,0.7181391604251364,0.8282759293589619,0.7518538005776773,6.16888464678596,5.0,23.0,ok,
indian_pines,40,50,Softmax,,,,,0.6537703557722228,0.5597147794745118,0.5702020638243107,0.6740169772660748,0.5859547387433103,11.192702922006893,,22.62,ok,
indian_pines,40,51,SOP-SSFCM_r0,0.99,4195.036132810879,42.37410235162508,0.94544348561049,0.6413235141582824,0.5622980507319104,0.567401814332054,0.6622109474095034,0.5879279683920879,5.021724157766569,5.0,32.18,ok,
indian_pines,40,51,SOP-SSFCM_r1,0.99,4195.036132810879,42.37410235162508,0.9512826913990758,0.7522041282024686,0.6876898360967446,0.6726096227615361,0.7615377109961947,0.7025264147578231,7.096554588665358,5.0,23.0,ok,
indian_pines,40,51,SOP-SSFCM_r2,0.99,4195.036132810879,42.37410235162508,0.953448788762882,0.7751270615081423,0.7193278367693148,0.7128271532391062,0.7838813542784662,0.733726580818266,6.976800445651204,5.0,23.0,ok,
indian_pines,40,51,Softmax,,,,,0.640493724717353,0.562229656542604,0.5667804366543429,0.6614303834520441,0.5878284948282757,9.143398740977323,,22.64,ok,
indian_pines,60,42,SOP-SSFCM_r0,0.99,4188.68110514706,42.30991015300064,0.937708780179132,0.6816,0.5816309298310528,0.5835213225330076,0.7080690799102352,0.616933075367234,9.26147661874463,5.0,39.88,ok,
indian_pines,60,42,SOP-SSFCM_r1,0.99,4188.68110514706,42.30991015300064,0.9433900338490178,0.8107733333333333,0.7228040278970255,0.6814804787755331,0.8200800078056396,0.7411204287221298,7.471446354280677,5.0,30.47,ok,
indian_pines,60,42,SOP-SSFCM_r2,0.99,4188.68110514706,42.30991015300064,0.9459438518661704,0.8315733333333334,0.7495556537775684,0.6917497657192176,0.8405698116889453,0.7673429308488303,7.756566445325078,5.0,30.47,ok,
indian_pines,60,42,Softmax,,,,,0.68096,0.5807890852328026,0.5826425628021916,0.7073860864474583,0.6161055856788744,13.08901004379614,,29.95,ok,
indian_pines,60,43,SOP-SSFCM_r0,0.99,4117.643231347957,41.59235587220162,0.939862609798152,0.6810666666666667,0.5826462289236667,0.5765370825294838,0.706605522489999,0.6177358210072532,7.36000031541339,5.0,39.32,ok,
indian_pines,60,43,SOP-SSFCM_r1,0.99,4117.643231347957,41.59235587220162,0.9472226745691978,0.80384,0.7223782525542413,0.7170202959309427,0.8150063420821544,0.7417289288956407,5.8785811233288925,5.0,30.24,ok,
indian_pines,60,43,SOP-SSFCM_r2,0.99,4117.643231347957,41.59235587220162,0.9489533000679444,0.8247466666666666,0.7517698046622171,0.7836284545161064,0.8343253000292712,0.7690449762157568,5.412176504208901,5.0,30.24,ok,
indian_pines,60,43,Softmax,,,,,0.6808533333333333,0.5823397835105101,0.5760866316714589,0.7064103815006342,0.6174479741795205,10.148175295927436,,29.88,ok,
indian_pines,60,44,SOP-SSFCM_r0,0.99,4181.041143632964,42.23273882457544,0.9451258019824388,0.67232,0.5880129908080034,0.5775171323297035,0.6988974534100888,0.6219449019275839,11.507412111815263,5.0,39.24,ok,
indian_pines,60,44,SOP-SSFCM_r1,0.99,4181.041143632964,42.23273882457544,0.9514930252813762,0.7605333333333333,0.7028903226421596,0.6556747046263549,0.7741243048102254,0.7232629720538468,12.13082876503448,5.0,30.37,ok,
indian_pines,60,44,SOP-SSFCM_r2,0.99,4181.041143632964,42.23273882457544,0.9532451023968024,0.7780266666666666,0.7227167517373225,0.7716312249732571,0.7909064298955996,0.7429384609681443,11.628545851435216,5.0,30.37,ok,
indian_pines,60,44,Softmax,,,,,0.6724266666666666,0.5882249968398755,0.5774132527313303,0.6989950239047712,0.6221193262831465,17.296098704968365,,30.52,ok,
indian_pines,60,45,SOP-SSFCM_r0,0.99,3902.182500966441,39.41598485824692,0.9382173158007038,0.6629333333333334,0.567641320564627,0.558993573997195,0.6902136793833544,0.6023580786286926,9.612983134473817,5.0,38.75,ok,
indian_pines,60,45,SOP-SSFCM_r1,0.99,3902.182500966441,39.41598485824692,0.9456134266116952,0.7812266666666666,0.7000896171905627,0.6594749963389719,0.7935408332520246,0.7210127781519962,10.080835317159377,5.0,30.16,ok,
indian_pines,60,45,SOP-SSFCM_r2,0.99,3902.182500966441,39.41598485824692,0.9478216391141684,0.8052266666666666,0.7329113355767656,0.7278535518713264,0.8159820470289785,0.751834152072513,8.84841305352495,5.0,30.16,ok,
indian_pines,60,45,Softmax,,,,,0.6624,0.5673311872846283,0.5586318276500737,0.6897258269099424,0.6020321654266751,14.934619631660471,,30.33,ok,
indian_pines,60,46,SOP-SSFCM_r0,0.99,3894.133092011551,39.334677697086406,0.9394021533689392,0.6804266666666666,0.586687335286157,0.5791872660171591,0.7060200995219046,0.6207887591851458,7.324581302985014,5.0,38.17,ok,
indian_pines,60,46,SOP-SSFCM_r1,0.99,3894.133092011551,39.334677697086406,0.9449701022222848,0.79968,0.7127983547050195,0.6672923669112898,0.8103229583373988,0.7321778566447616,6.404644801788964,5.0,30.44,ok,
indian_pines,60,46,SOP-SSFCM_r2,0.99,3894.133092011551,39.334677697086406,0.946683516254982,0.8237866666666667,0.7446784927643533,0.7319238674188652,0.8321787491462582,0.7610746255542871,8.155445731095822,5.0,30.44,ok,
indian_pines,60,46,Softmax,,,,,0.68032,0.5869389103147763,0.5778171167128797,0.7059225290272222,0.6209680237938728,9.916701703406922,,30.27,ok,
indian_pines,60,47,SOP-SSFCM_r0,0.99,4072.656280425853,41.1379422265238,0.9475664555907884,0.6753066666666667,0.5862947202076505,0.5786438333392976,0.6999707288515953,0.6194285144391983,7.618965376984892,5.0,39.05,ok,
indian_pines,60,47,SOP-SSFCM_r1,0.99,4072.656280425853,41.1379422265238,0.9523723383607412,0.8014933333333333,0.7285964335514301,0.7755796487019083,0.8112010927895404,0.7462864690692622,9.59965926466096,5.0,30.37,ok,
indian_pines,60,47,SOP-SSFCM_r2,0.99,4072.656280425853,41.1379422265238,0.9535101299327632,0.82048,0.753330159624894,0.7401443026581521,0.8290564933164211,0.7689251693323544,8.511232016877047,5.0,30.37,ok,
indian_pines,60,47,Softmax,,,,,0.6753066666666667,0.5862996043803366,0.5782886822171185,0.6999707288515953,0.6194331759715702,11.521624668763272,,30.44,ok,
indian_pines,60,48,SOP-SSFCM_r0,0.99,3945.296973930712,39.85148458515874,0.9342558262286746,0.71232,0.6065495349693762,0.5976867356501481,0.7353888184213094,0.6398050824934838,9.653983792702428,5.0,37.54,ok,
indian_pines,60,48,SOP-SSFCM_r1,0.99,3945.296973930712,39.85148458515874,0.940877778442322,0.81696,0.7325965245948556,0.676648093478676,0.8260318079812665,0.7498284439421882,10.559633105741735,5.0,43.39,ok,
indian_pines,60,48,SOP-SSFCM_r2,0.99,3945.296973930712,39.85148458515874,0.9432207800940168,0.8336,0.7561560029656422,0.685522231024238,0.8424236510879111,0.7726353680416745,10.069119133836,5.0,43.39,ok,
indian_pines,60,48,Softmax,,,,,0.71232,0.6066601221537706,0.5978343692327865,0.7353888184213094,0.6399472728234462,13.458516902621732,,30.6,ok,
indian_pines,60,49,SOP-SSFCM_r0,0.99,4215.282395369727,42.5786100542397,0.9462378558671968,0.6769066666666667,0.5787809420913476,0.5753974926558192,0.702312420723973,0.6137694469875405,5.675959878957598,5.0,35.73,ok,
indian_pines,60,49,SOP-SSFCM_r1,0.99,4215.282395369727,42.5786100542397,0.9516069102265616,0.7947733333333333,0.7123677432994237,0.720348009010895,0.8050541516245487,0.7318669806281172,4.697951080995954,5.0,30.26,ok,
indian_pines,60,49,SOP-SSFCM_r2,0.99,4215.282395369727,42.5786100542397,0.95334548956577,0.8050133333333334,0.7264751409333547,0.7305377190401164,0.8148112010927896,0.745919550943219,5.279003417849658,5.0,30.26,ok,
indian_pines,60,49,Softmax,,,,,0.6770133333333334,0.578669895417255,0.57546295514082,0.7024099912186554,0.6137316365643063,10.03782031603268,,30.09,ok,
indian_pines,60,50,SOP-SSFCM_r0,0.99,3924.2324616208766,39.63871173354424,0.9324491736991762,0.69568,0.5904115042008844,0.5758827862462724,0.720460532734901,0.6241551395976634,8.313880955105661,5.0,35.84,ok,
indian_pines,60,50,SOP-SSFCM_r1,0.99,3924.2324616208766,39.63871173354424,0.9373558630471897,0.80064,0.7090909483688861,0.7096052389747142,0.8120792272416821,0.7305602341003876,5.812011483855025,5.0,30.48,ok,
indian_pines,60,50,SOP-SSFCM_r2,0.99,3924.2324616208766,39.63871173354424,0.9397722953994174,0.8149333333333333,0.7323450975279305,0.7279600222614752,0.8249585325397599,0.7508644135579653,5.754837986934155,5.0,30.49,ok,
indian_pines,60,50,Softmax,,,,,0.6955733333333334,0.5906083031437016,0.5760675179942223,0.7203629622402186,0.6243324506520916,11.89688307820578,,30.32,ok,
indian_pines,60,51,SOP-SSFCM_r0,0.99,4064.22291035632,41.0527566702659,0.93654605803765,0.67616,0.5710495702304901,0.5755689897999738,0.7021172797346082,0.6073439225107665,14.935286401713547,5.0,37.41,ok,
indian_pines,60,51,SOP-SSFCM_r1,0.99,4064.22291035632,41.0527566702659,0.9423193372597736,0.8187733333333334,0.7273939080951533,0.6850688317645425,0.8270075129280905,0.7449138408853087,11.09271317895983,5.0,30.42,ok,
indian_pines,60,51,SOP-SSFCM_r2,0.99,4064.22291035632,41.0527566702659,0.9446174395944502,0.8391466666666667,0.7534725274682635,0.7458023934073823,0.8465216118645722,0.7704936411109657,11.942376515694937,5.0,30.43,ok,
indian_pines,60,51,Softmax,,,,,0.67552,0.5703995430946013,0.5743140449070924,0.7015318567665139,0.6067059832979125,26.05748745483488,,30.13,ok,
pavia_university,5,42,SOP-SSFCM_r0,0.99,8105.429374239764,81.8730239822199,0.983484162808905,0.5525028667711965,0.4959383964018563,0.5719064958115447,0.5529502524780251,0.4963109466400884,1.1655150064784594,5.0,3.46,ok,
pavia_university,5,42,SOP-SSFCM_r1,0.99,8105.429374239764,81.8730239822199,0.98676583441621,0.5926142613091199,0.5405985054475838,0.6081079789819234,0.5929726949691416,0.5408708274301,1.1911517487972485,5.0,3.52,ok,
pavia_university,5,42,SOP-SSFCM_r2,0.99,8105.429374239764,81.8730239822199,0.9873913994666176,0.5971074863682104,0.5443645786132932,0.6117941589361169,0.5974144380026183,0.5446197035846241,1.1507271918262116,5.0,3.53,ok,
pavia_university,5,42,Softmax,,,,,0.5523390512742505,0.4959887013305371,0.5718948616777184,0.5527866093136338,0.4963611466560485,1.344452725795776,,6.29,ok,
pavia_university,5,43,SOP-SSFCM_r0,0.99,6616.488526617967,66.83321744058559,0.9770316204847114,0.5886592871685662,0.560875334732864,0.6130356808384225,0.5888582382644474,0.5612003319334257,3.884213077064649,5.0,3.45,ok,
pavia_university,5,43,SOP-SSFCM_r1,0.99,6616.488526617967,66.83321744058559,0.9807940139294916,0.623903021225808,0.6112745957659641,0.6650016266864774,0.6241817841780437,0.6115496510732248,4.888729454572492,5.0,3.47,ok,
pavia_university,5,43,SOP-SSFCM_r2,0.99,6616.488526617967,66.83321744058559,0.98183772166308,0.6414312793990311,0.6171290753329738,0.6792263525947325,0.6416682251729942,0.6174049856702898,7.004831940290919,5.0,3.48,ok,
pavia_university,5,43,Softmax,,,,,0.5887528960239639,0.5607475516837669,0.6128955324712742,0.5889517486440995,0.5610729618389385,5.792252417093676,,5.14,ok,
pavia_university,5,44,SOP-SSFCM_r0,0.99,7172.784304203146,72.45236670912276,0.9804655574330388,0.5504200697385973,0.5612669843898592,0.6123733191917798,0.5508696465307649,0.5615861204134919,11.671047618226211,5.0,3.5,ok,
pavia_university,5,44,SOP-SSFCM_r1,0.99,7172.784304203146,72.45236670912276,0.983784391063232,0.5628934497203435,0.5983272124467013,0.6312214395808432,0.5631195062651955,0.5984952632817765,21.893295156047955,5.0,3.48,ok,
pavia_university,5,44,SOP-SSFCM_r2,0.99,7172.784304203146,72.45236670912276,0.9843820552692544,0.5573003206103297,0.5975920929034213,0.6202057433969128,0.557508883486067,0.5977349008164511,47.522773540054416,5.0,3.5,ok,
pavia_university,5,44,Softmax,,,,,0.550349863097049,0.561145300966547,0.6122184588595498,0.5507995137460258,0.5614646160112033,19.21647847721849,,6.45,ok,
pavia_university,5,45,SOP-SSFCM_r0,0.99,7145.274720172287,72.17449212295246,0.9799297092785876,0.6095808663499567,0.5196299677464082,0.6123664604108234,0.6099448288760052,0.5200174824668916,9.629954346014769,5.0,3.42,ok,
pavia_university,5,45,SOP-SSFCM_r1,0.99,7145.274720172287,72.17449212295246,0.9845986720013844,0.6836020687557043,0.5995057000225085,0.6703790273307152,0.6837946512062839,0.5997495098302948,13.00557734157058,5.0,3.47,ok,
pavia_university,5,45,SOP-SSFCM_r2,0.99,7145.274720172287,72.17449212295246,0.985478645301184,0.6992113453932742,0.6160080866420475,0.6781766022410584,0.6994108846081916,0.6162385947624096,15.334773738465993,5.0,3.49,ok,
pavia_university,5,45,Softmax,,,,,0.6093936486391612,0.5195203284042637,0.6123611035088778,0.609757808116701,0.5199080711898628,14.259689788452311,,6.49,ok,
pavia_university,5,46,SOP-SSFCM_r0,0.99,5316.885809855825,53.705917271271005,0.967442000746369,0.5193185275327046,0.5304663521457849,0.5817698451798161,0.5195436693472976,0.5307773483827773,1.395818144466742,5.0,3.41,ok,
pavia_university,5,46,SOP-SSFCM_r1,0.99,5316.885809855825,53.705917271271005,0.9713118698993752,0.5220331843392385,0.5550355588670708,0.5830372709771602,0.5222087151673835,0.5552498792987841,1.5798063034993295,5.0,3.5,ok,
pavia_university,5,46,SOP-SSFCM_r2,0.99,5316.885809855825,53.705917271271005,0.9724406551689394,0.5209332802883153,0.5600343145050526,0.5735824716933451,0.5209697026369927,0.5602760785158128,1.717767772758452,5.0,3.51,ok,
pavia_university,5,46,Softmax,,,,,0.5194355386019518,0.5304836817343582,0.5817697673140807,0.5196605573218628,0.5307946663986733,1.6001033406001832,,6.51,ok,
pavia_university,5,47,SOP-SSFCM_r0,0.99,7531.772074795336,76.07850580601357,0.9782463697906946,0.6202756780791463,0.4895725955024435,0.585561814413677,0.6206517673461754,0.4900024346220489,1.0240373579129287,5.0,3.42,ok,
pavia_university,5,47,SOP-SSFCM_r1,0.99,7531.772074795336,76.07850580601357,0.9827186249451298,0.6785705927780769,0.5558142269653541,0.6414394254749228,0.6788152234898074,0.5561322739610561,0.9817312291648934,5.0,3.47,ok,
pavia_university,5,47,SOP-SSFCM_r2,0.99,7531.772074795336,76.07850580601357,0.9838417341624874,0.6950691535419251,0.5724896093473045,0.6557677659834178,0.6953198054984103,0.5727993513542576,1.1097431975717438,5.0,3.48,ok,
pavia_university,5,47,Softmax,,,,,0.6200884603683509,0.4892452368042317,0.585365076082245,0.6204647465868711,0.489675326187814,1.1718972728843289,,6.49,ok,
pavia_university,5,48,SOP-SSFCM_r0,0.99,5175.414928789413,52.27691847262038,0.9690395107709022,0.591210128478154,0.5453539263071893,0.6460140523001098,0.5916167944641855,0.5457594877217385,1.1566916798832882,5.0,3.44,ok,
pavia_university,5,48,SOP-SSFCM_r1,0.99,5175.414928789413,52.27691847262038,0.974915905015768,0.6393484823664318,0.6100950003865208,0.704325612590667,0.6396343744155601,0.61038493918112,1.3557413733685535,5.0,3.47,ok,
pavia_university,5,48,SOP-SSFCM_r2,0.99,5175.414928789413,52.27691847262038,0.9763546292936258,0.6453862535395849,0.6152857962460856,0.7029220766714439,0.6457125490929493,0.6156072183668609,1.6793783011211605,5.0,3.48,ok,
pavia_university,5,48,Softmax,,,,,0.5912803351197023,0.5450386329244438,0.6458765482356084,0.5916869272489246,0.5454444253803299,1.5495531563557692,,6.47,ok,
pavia_university,5,49,SOP-SSFCM_r0,0.99,5213.736296102162,52.664002990930975,0.9743828884863662,0.617865250052655,0.5273205677363427,0.6081780982376601,0.6182204974752198,0.5276638336850941,1.459004217482669,5.0,3.45,ok,
pavia_university,5,49,SOP-SSFCM_r1,0.99,5213.736296102162,52.664002990930975,0.9772338552200732,0.6413610727574829,0.5632296449435543,0.6282455712022327,0.641598092388255,0.5634736519534114,1.4651528063986456,5.0,3.46,ok,
pavia_university,5,49,SOP-SSFCM_r2,0.99,5213.736296102162,52.664002990930975,0.978104027499068,0.6442629472748121,0.568333014530538,0.626609347903375,0.6444501589676455,0.5685409951595394,1.5885955504895348,5.0,3.47,ok,
pavia_university,5,49,Softmax,,,,,0.618029065549601,0.5271402591243541,0.6081209598728472,0.618384140639611,0.527483681123413,2.0610778964262857,,6.48,ok,
pavia_university,5,50,SOP-SSFCM_r0,0.99,6223.145238745112,62.86005291661735,0.9767282152751392,0.5843298776064215,0.5534292544281917,0.6168854615996449,0.5847671591546661,0.5537816183460449,4.212559805458262,5.0,3.43,ok,
pavia_university,5,50,SOP-SSFCM_r1,0.99,6223.145238745112,62.86005291661735,0.9809000812221866,0.638482600454003,0.6029874145823257,0.6655319132244533,0.6387226482139517,0.6032226101444957,4.318537256097107,5.0,3.46,ok,
pavia_university,5,50,SOP-SSFCM_r2,0.99,6223.145238745112,62.86005291661735,0.9819968971016204,0.6455266668226814,0.6118521261301447,0.6721377862491125,0.6457359266878624,0.6120194839629938,4.765168516443938,5.0,3.47,ok,
pavia_university,5,50,Softmax,,,,,0.5842362687510239,0.5533388332558835,0.6166573274009403,0.584673648775014,0.5536910621271564,6.008398303595395,,6.5,ok,
pavia_university,5,51,SOP-SSFCM_r0,0.99,7496.335383471421,75.72055942900431,0.971436509448338,0.6219606374763053,0.5231269280447505,0.579909523764825,0.622358331774827,0.5234910825823335,1.0441039837584156,5.0,3.42,ok,
pavia_university,5,51,SOP-SSFCM_r1,0.99,7496.335383471421,75.72055942900431,0.975894764397394,0.6431864454377384,0.565460326810081,0.5978226954794861,0.643491677576211,0.5657329264836382,1.209414372115491,5.0,3.48,ok,
pavia_university,5,51,SOP-SSFCM_r2,0.99,7496.335383471421,75.72055942900431,0.9767272837799418,0.6395591022910767,0.567799391955617,0.5888588805954702,0.6398447727697775,0.568089653906607,1.5768042254596506,5.0,3.49,ok,
pavia_university,5,51,Softmax,,,,,0.6215627998408649,0.5227583502612694,0.5796045006163084,0.6219609126613054,0.5231226553829778,1.4299109100105123,,6.47,ok,
pavia_university,10,42,SOP-SSFCM_r0,0.99,5392.873029271013,54.47346494213149,0.9700563736506624,0.6571943962891814,0.5647827120535763,0.6540366471015011,0.6577987656629886,0.5654864128230289,1.1800070255578254,5.0,5.5,ok,
pavia_university,10,42,SOP-SSFCM_r1,0.99,5392.873029271013,54.47346494213149,0.975971035982857,0.7052195099095723,0.624572759087198,0.7038964270283533,0.7055124368804937,0.624924270581646,1.3344317563581531,5.0,5.6,ok,
pavia_university,10,42,SOP-SSFCM_r2,0.99,5392.873029271013,54.47346494213149,0.9774042397641552,0.7134189195520779,0.6321134640162505,0.7068139723591129,0.7137413502898822,0.6325834402823672,1.4178014855767542,5.0,5.62,ok,
pavia_university,10,42,Softmax,,,,,0.6571475425197957,0.5645510546696753,0.6536554536707805,0.6577520104731626,0.5652550803358537,1.251293765841297,,7.98,ok,
pavia_university,10,43,SOP-SSFCM_r0,0.99,7432.98425861382,75.08064907690733,0.9785815066831872,0.698402286463946,0.5903719735062508,0.6910794237272797,0.6989199551150178,0.5910720660333229,2.613724030462532,5.0,5.54,ok,
pavia_university,10,43,SOP-SSFCM_r1,0.99,7432.98425861382,75.08064907690733,0.9820272716910284,0.7595230286276531,0.659206972338543,0.7535091190477377,0.7597484570787357,0.6596699197664716,3.112874552034217,5.0,5.63,ok,
pavia_university,10,43,SOP-SSFCM_r2,0.99,7432.98425861382,75.08064907690733,0.9831158106604618,0.7723843883240407,0.669339903976366,0.7588111229844133,0.7726295118758182,0.6698515179035627,4.004101910786481,5.0,5.65,ok,
pavia_university,10,43,Softmax,,,,,0.6984959940027176,0.5902260420695303,0.6908981447931672,0.6989900878997569,0.5909109780655605,3.804532665253965,,7.94,ok,
pavia_university,10,44,SOP-SSFCM_r0,0.99,4981.18553318758,50.31500538573318,0.9637286750846186,0.6142763435318371,0.5604920365880656,0.6546827679635281,0.6149943893772208,0.5611695149110779,1.997205501993666,5.0,5.49,ok,
pavia_university,10,44,SOP-SSFCM_r1,0.99,4981.18553318758,50.31500538573318,0.9698646510553668,0.6527667150822284,0.6136600062055128,0.6963071736469892,0.6533570226295119,0.6141717868058724,1.643885108172546,5.0,5.64,ok,
pavia_university,10,44,SOP-SSFCM_r2,0.99,4981.18553318758,50.31500538573318,0.9712618265646822,0.6591154008339971,0.6215648364747255,0.6991434573830707,0.6596923508509445,0.6221008298537152,1.77406226901552,5.0,5.66,ok,
pavia_university,10,44,Softmax,,,,,0.6144403317246873,0.560521241120863,0.6548663278258926,0.6151580325416122,0.5611988703051979,2.58431620505623,,7.93,ok,
pavia_university,10,45,SOP-SSFCM_r0,0.99,6393.902347159274,64.58487219352807,0.9777187864857292,0.7051726561401864,0.5527763566449456,0.6640644515242117,0.705699457639798,0.5535669702193654,1.3285700919684909,5.0,5.49,ok,
pavia_university,10,45,SOP-SSFCM_r1,0.99,6393.902347159274,64.58487219352807,0.9818339072123198,0.7546502366115354,0.6215919963406357,0.7106509129988574,0.7548391621469983,0.6220391577878076,1.847003338130251,5.0,5.57,ok,
pavia_university,10,45,SOP-SSFCM_r2,0.99,6393.902347159274,64.58487219352807,0.9828025095793026,0.7644661012978494,0.6341586480183784,0.7173437488105654,0.7647045072002993,0.6346147612269748,2.237959192514717,5.0,5.58,ok,
pavia_university,10,45,Softmax,,,,,0.7052195099095723,0.5526079812949373,0.6639947726074023,0.7057462128296241,0.5533990113944391,2.054998210328568,,7.5,ok,
pavia_university,10,46,SOP-SSFCM_r0,0.99,7087.955023525055,71.59550528813193,0.9781055765904004,0.6953333645691796,0.5786578360609046,0.6932960258753819,0.6959042453712362,0.5793980035945064,1.149015491121112,5.0,5.51,ok,
pavia_university,10,46,SOP-SSFCM_r1,0.99,7087.955023525055,71.59550528813193,0.9825268013146752,0.7462634118914867,0.6342074935096333,0.7419942597209027,0.746633626332523,0.6347193551011131,1.258512635156748,5.0,5.57,ok,
pavia_university,10,46,SOP-SSFCM_r2,0.99,7087.955023525055,71.59550528813193,0.9834176599152864,0.7543925408799138,0.6412880072842149,0.7397103415267371,0.7547456517673462,0.6417815012801954,1.3230487328885343,5.0,5.59,ok,
pavia_university,10,46,Softmax,,,,,0.6952865107997939,0.57856326236967,0.693125635758924,0.6958574901814102,0.5793035046185935,1.3381134066919016,,7.33,ok,
pavia_university,10,47,SOP-SSFCM_r0,0.99,5648.82776357548,57.058866298742274,0.9782167536309876,0.6807852691749051,0.5856802473829829,0.6755694755733646,0.6812932485505891,0.5863448894711104,1.2754830577298548,5.0,5.49,ok,
pavia_university,10,47,SOP-SSFCM_r1,0.99,5648.82776357548,57.058866298742274,0.9825103252149384,0.7547907979196926,0.65908072597126,0.7474114317319417,0.7551664484757808,0.6595622778023182,0.8749027973777813,5.0,5.62,ok,
pavia_university,10,47,SOP-SSFCM_r2,0.99,5648.82776357548,57.058866298742274,0.9829239529401582,0.7758984210279717,0.6812159909700156,0.7664273610603974,0.7762062838975127,0.6816845685439384,1.1309426244345306,5.0,5.63,ok,
pavia_university,10,47,Softmax,,,,,0.6807384154055194,0.5858016182709249,0.675391342109862,0.681246493360763,0.5864658844895412,1.7923546963050532,,7.71,ok,
pavia_university,10,48,SOP-SSFCM_r0,0.99,5485.162912146514,55.40568598127796,0.966223171792612,0.6312139811647847,0.5680367826994055,0.672903874975717,0.6319197680942584,0.5687553215444365,1.8598397018424468,5.0,5.52,ok,
pavia_university,10,48,SOP-SSFCM_r1,0.99,5485.162912146514,55.40568598127796,0.9724145702996108,0.6716487841446844,0.6173413904717543,0.7186380895649913,0.6721993641294184,0.6179696093226527,1.9216996633831056,5.0,5.63,ok,
pavia_university,10,48,SOP-SSFCM_r2,0.99,5485.162912146514,55.40568598127796,0.9742445259614548,0.6851895234971653,0.624627731576935,0.7304885569156289,0.6857349915840658,0.6252288187161423,2.4369791432704706,5.0,5.65,ok,
pavia_university,10,48,Softmax,,,,,0.6312842618188633,0.5679091665318027,0.6727468186755625,0.6319899008789975,0.5686278050414997,2.3767795964684075,,7.18,ok,
pavia_university,10,49,SOP-SSFCM_r0,0.99,4948.3763696049,49.98359969297883,0.9734770953188414,0.6832450920676568,0.5840118557158938,0.6888905417195611,0.68384140639611,0.5847410824604234,3.3541317152310066,5.0,5.49,ok,
pavia_university,10,49,SOP-SSFCM_r1,0.99,4948.3763696049,49.98359969297883,0.9786497805090972,0.741929438223305,0.6420259378863235,0.7320221322068534,0.7422386384888723,0.6425597437757996,2.5948796756297323,5.0,5.61,ok,
pavia_university,10,49,SOP-SSFCM_r2,0.99,4948.3763696049,49.98359969297883,0.9800304908225408,0.7440612847303566,0.6479761035806675,0.7271202372319494,0.7443659996259585,0.6484557884089501,2.5877591696717017,5.0,5.62,ok,
pavia_university,10,49,Softmax,,,,,0.6830576769901139,0.5838949127019617,0.6885313300631619,0.6836543856368057,0.5846239513879746,4.784913297591612,,7.46,ok,
pavia_university,10,50,SOP-SSFCM_r0,0.99,6213.474626794466,62.76236996762092,0.9725653545294232,0.715995876868294,0.606445285222661,0.6906268971774906,0.7164531512997943,0.6070134073543544,1.5158463899133228,5.0,5.5,ok,
pavia_university,10,50,SOP-SSFCM_r1,0.99,6213.474626794466,62.76236996762092,0.9788542541639372,0.7506208124443612,0.6605053580755456,0.7278778302119999,0.7509584813914344,0.661048135027002,1.562681910396896,5.0,5.62,ok,
pavia_university,10,50,SOP-SSFCM_r2,0.99,6213.474626794466,62.76236996762092,0.9807513060956684,0.7624045354448765,0.6665258717949447,0.7359331238830076,0.7626940340377782,0.6670452089350585,1.871837039481253,5.0,5.64,ok,
pavia_university,10,50,Softmax,,,,,0.7159724499836012,0.6065066085879013,0.6907418013706128,0.7164297737048813,0.6070745929308683,1.8345583768104703,,7.45,ok,
pavia_university,10,51,SOP-SSFCM_r0,0.99,4756.606570702328,48.04653101719528,0.9597314059005544,0.6450358431335801,0.5737143844535584,0.6935320634566496,0.6457125490929493,0.5745020357618613,1.405979379038912,5.0,5.49,ok,
pavia_university,10,51,SOP-SSFCM_r1,0.99,4756.606570702328,48.04653101719528,0.968325257620698,0.6735463618048072,0.6220474346911864,0.7265749277598058,0.6740695717224612,0.6226465613112072,1.4163259692962014,5.0,5.63,ok,
pavia_university,10,51,SOP-SSFCM_r2,0.99,4756.606570702328,48.04653101719528,0.9706406149771738,0.6827531274891065,0.6257602534011611,0.7318059534404665,0.6831868337385449,0.626349567102154,1.7199657025664354,5.0,5.65,ok,
pavia_university,10,51,Softmax,,,,,0.6452935388652017,0.5737409817813409,0.6935630301083605,0.6459697026369927,0.5745284503698759,1.810826729589737,,7.33,ok,
pavia_university,20,42,SOP-SSFCM_r0,0.99,6019.594047633796,60.80398027912931,0.9754365360170392,0.7378157573481078,0.6250710367880395,0.7433938003958741,0.7384514681129606,0.6261789395164563,2.221888776854992,5.0,7.56,ok,
pavia_university,20,42,SOP-SSFCM_r1,0.99,6019.594047633796,60.80398027912931,0.9798841239664464,0.7912480045074655,0.6887032228706869,0.7967488417069245,0.7917056293248551,0.6896635453533085,2.5781993989740424,5.0,7.49,ok,
pavia_university,20,42,SOP-SSFCM_r2,0.99,6019.594047633796,60.80398027912931,0.9808325906151324,0.8012489435627759,0.7006153805901851,0.8017251816794974,0.801594351973069,0.7014349248795286,3.0468584678851096,5.0,7.5,ok,
pavia_university,20,42,Softmax,,,,,0.7378861864963846,0.6251431962694807,0.7434479407087029,0.7385216008976997,0.6262510688863681,2.752089859507265,,8.78,ok,
pavia_university,20,43,SOP-SSFCM_r0,0.99,5292.138540804027,53.45594485660638,0.970869871767982,0.6932810592543901,0.5676189889276029,0.6657764143604777,0.6942678137273237,0.5689417724413666,1.3180605407083097,5.0,7.57,ok,
pavia_university,20,43,SOP-SSFCM_r1,0.99,5292.138540804027,53.45594485660638,0.977750779639019,0.7452108179171754,0.6249007826988355,0.7186621531790994,0.7457920329156537,0.6258656447302821,0.9512085928307829,5.0,7.48,ok,
pavia_university,20,43,SOP-SSFCM_r2,0.99,5292.138540804027,53.45594485660638,0.9791033546145412,0.7530754061414218,0.6354343085008795,0.723327385832176,0.7535767720216944,0.6362684150898732,1.1381706764001682,5.0,7.49,ok,
pavia_university,20,43,Softmax,,,,,0.6933514884026669,0.5676061699172907,0.665655649460294,0.6943379465120628,0.5689288493553243,1.7695233754911788,,8.36,ok,
pavia_university,20,44,SOP-SSFCM_r0,0.99,5776.380110185581,58.34727384025844,0.9749331887757168,0.6955582683820077,0.6010782480150879,0.7075336228075719,0.6963016644847578,0.6021752248199754,1.362170252769287,5.0,7.55,ok,
pavia_university,20,44,SOP-SSFCM_r1,0.99,5776.380110185581,58.34727384025844,0.9810464689204856,0.7767865527279557,0.6802842409351,0.7911616748651892,0.7773284084533383,0.681162419453195,1.4930060118782786,5.0,7.5,ok,
pavia_university,20,44,SOP-SSFCM_r2,0.99,5776.380110185581,58.34727384025844,0.9823472097942316,0.7921635834350643,0.6945629558780383,0.7997312294000836,0.7926173555264634,0.6953663206671457,1.5369266622908793,5.0,7.51,ok,
pavia_university,20,44,Softmax,,,,,0.6957226030613203,0.6011783503700765,0.7076186574135437,0.696488685244062,0.6022933331662307,1.4958761460776004,,10.22,ok,
pavia_university,20,45,SOP-SSFCM_r0,0.99,5328.676098545181,53.82501109641602,0.970755787747453,0.7068269321063011,0.610456897588619,0.7150315836939934,0.7077333083972321,0.6116721592254654,2.342279232883055,5.0,7.57,ok,
pavia_university,20,45,SOP-SSFCM_r1,0.99,5328.676098545181,53.82501109641602,0.9764111456552182,0.7753075406141422,0.6826512588189914,0.7952827017171304,0.775832242378904,0.6835168133863498,2.025643935960017,5.0,7.51,ok,
pavia_university,20,45,SOP-SSFCM_r2,0.99,5328.676098545181,53.82501109641602,0.9778796703098366,0.7856606254108367,0.6889488441202878,0.8028503188862834,0.7862118945202917,0.6899507292457985,2.39859928892883,5.0,7.52,ok,
pavia_university,20,45,Softmax,,,,,0.7071321250821674,0.6106436898173634,0.7153912994445767,0.7080372171311016,0.6118590239964696,3.142305212476935,,10.33,ok,
pavia_university,20,46,SOP-SSFCM_r0,0.99,5802.4934591134925,58.61104504155048,0.9799737459058656,0.7703540238520049,0.6376490422770248,0.7534127755157255,0.7709463250420797,0.6387301425696399,1.082383645921193,5.0,7.56,ok,
pavia_university,20,46,SOP-SSFCM_r1,0.99,5802.4934591134925,58.61104504155048,0.9834117015121498,0.8357122734529063,0.714042372405332,0.8267605162227235,0.835982794090144,0.7148072704829534,1.45478337917991,5.0,7.5,ok,
pavia_university,20,46,SOP-SSFCM_r2,0.99,5802.4934591134925,58.61104504155048,0.9840875164427514,0.8459244999530472,0.7247801879974988,0.8338441940158542,0.8461988030671405,0.7254762107014571,1.7056525870623014,5.0,7.52,ok,
pavia_university,20,46,Softmax,,,,,0.7704009766175228,0.6377334181769049,0.753580811640254,0.7709930802319057,0.6388142069486895,1.5241008772002669,,10.22,ok,
pavia_university,20,47,SOP-SSFCM_r0,0.99,5050.774160650424,51.01792081465079,0.9729387951975352,0.7367123673584374,0.6110614514155208,0.7237152786252645,0.7375631195062652,0.6123784212141888,1.441625507944447,5.0,7.57,ok,
pavia_university,20,47,SOP-SSFCM_r1,0.99,5050.774160650424,51.01792081465079,0.9779416313919904,0.7679594328105925,0.6652346593248842,0.7553698403927334,0.7685851879558631,0.6662769821673378,1.3733582950711818,5.0,7.5,ok,
pavia_university,20,47,SOP-SSFCM_r2,0.99,5050.774160650424,51.01792081465079,0.9793877040113936,0.76690299558644,0.6722275853480123,0.7502298153630348,0.7674630634000374,0.6731798282794528,1.4701856691928732,5.0,7.52,ok,
pavia_university,20,47,Softmax,,,,,0.7370879894825805,0.6109463254521742,0.7239997105444158,0.7379371610248737,0.6122655094147924,1.9836036575007112,,10.17,ok,
pavia_university,20,48,SOP-SSFCM_r0,0.99,5998.4717140744,60.590623374488935,0.9768548592101348,0.7801201990797259,0.6340638975731137,0.7589814029328038,0.7806714045259023,0.6352135739918089,1.923588042573728,5.0,7.59,ok,
pavia_university,20,48,SOP-SSFCM_r1,0.99,5998.4717140744,60.590623374488935,0.9813771395227384,0.8444689642219927,0.7140822059793177,0.8295113280750602,0.8447727697774453,0.7149606569554576,1.385676390189827,5.0,7.49,ok,
pavia_university,20,48,SOP-SSFCM_r2,0.99,5998.4717140744,60.590623374488935,0.9828814522016192,0.8511832096910508,0.7211386641424362,0.8313677104450875,0.8514353843276604,0.7219544937177735,1.4437487632367745,5.0,7.5,ok,
pavia_university,20,48,Softmax,,,,,0.7800028171659311,0.6339631670698969,0.7588149317051412,0.7805545165513372,0.6351125866893623,2.434239324382738,,7.73,ok,
pavia_university,20,49,SOP-SSFCM_r0,0.99,7055.0005415454425,71.26263173278231,0.982481077394045,0.7399286317964128,0.6307238809412823,0.7438987037944412,0.7406255844398728,0.6317304777837429,2.138492594730194,5.0,7.58,ok,
pavia_university,20,49,SOP-SSFCM_r1,0.99,7055.0005415454425,71.26263173278231,0.9858181597363108,0.8215560146492629,0.7202795665955921,0.8249435432927682,0.8218393491677576,0.7209721817736202,1.472246841166434,5.0,7.52,ok,
pavia_university,20,49,SOP-SSFCM_r2,0.99,7055.0005415454425,71.26263173278231,0.9861068800503784,0.8320264813597521,0.7319402079236275,0.830881068567201,0.8322891340938844,0.7325432354252123,1.64857015319205,5.0,7.53,ok,
pavia_university,20,49,Softmax,,,,,0.739858202648136,0.6303688148742049,0.7437552761371795,0.7405554516551337,0.6313775285533357,2.709130928476017,,10.21,ok,
pavia_university,20,50,SOP-SSFCM_r0,0.99,6627.620988961753,66.94566655516928,0.978648755455674,0.7263592825617429,0.6213996451187448,0.7265738218978397,0.7270432017953993,0.6224827569870761,7.971975298738316,5.0,7.58,ok,
pavia_university,20,50,SOP-SSFCM_r1,0.99,6627.620988961753,66.94566655516928,0.9830769507163974,0.802446239083482,0.7048739489282366,0.8104963517850893,0.8028333645034599,0.7056977430732729,7.1522418496516345,5.0,7.48,ok,
pavia_university,20,50,SOP-SSFCM_r2,0.99,6627.620988961753,66.94566655516928,0.9844406019192594,0.8191379472250916,0.7192185673903411,0.8254928671402401,0.819478212081541,0.7200204793005521,8.311611537627234,5.0,7.49,ok,
pavia_university,20,50,Softmax,,,,,0.7263827589445019,0.6213827214391333,0.7264557366399458,0.7270665793903123,0.6224665999137762,11.134698427689564,,10.22,ok,
pavia_university,20,51,SOP-SSFCM_r0,0.99,5001.438163168995,50.51957740574746,0.9725141406454751,0.7353742135411776,0.5954833382013799,0.7197781933502152,0.7360903310267439,0.5967066671884019,3.2336561096791714,5.0,7.61,ok,
pavia_university,20,51,SOP-SSFCM_r1,0.99,5001.438163168995,50.51957740574746,0.9773000613015352,0.8021645224903747,0.6719946449619855,0.8037065041342695,0.8025762109594164,0.6728715283009945,2.1158121227011693,5.0,7.51,ok,
pavia_university,20,51,SOP-SSFCM_r2,0.99,5001.438163168995,50.51957740574746,0.9783264003356498,0.8139261902526059,0.6820494736807412,0.8167908023496512,0.8143351412006733,0.6830132689732359,2.29021215137927,5.0,7.52,ok,
pavia_university,20,51,Softmax,,,,,0.7352333552446239,0.59539993589302,0.7199078176568925,0.7359500654572657,0.5966135088232665,4.428223740506813,,10.21,ok,
pavia_university,40,42,SOP-SSFCM_r0,0.99,5701.461857494887,57.59052381307972,0.9748076146609695,0.7505422482082234,0.6345701398880601,0.76870195139638,0.7518702075930428,0.636895605154048,1.444440638062366,5.0,13.56,ok,
pavia_university,40,42,SOP-SSFCM_r1,0.99,5701.461857494887,57.59052381307972,0.9800831712108876,0.8173802338740098,0.7135540140089894,0.841278759199187,0.8179820460071068,0.7149492329716401,1.1658915002116093,5.0,13.81,ok,
pavia_university,40,42,SOP-SSFCM_r2,0.99,5701.461857494887,57.59052381307972,0.9812702951413416,0.8269992455677103,0.7214235764371961,0.8449095090683151,0.8274499719468861,0.7226818790135732,1.3008966272068752,5.0,13.83,ok,
pavia_university,40,42,Softmax,,,,,0.7504007921539042,0.63421539494975,0.768616778220512,0.7517299420235646,0.6365442642898961,1.9838718116050624,,15.6,ok,
pavia_university,40,43,SOP-SSFCM_r0,0.99,5779.554249624248,58.37933585479043,0.9735181479230754,0.7727272727272727,0.6423129351512923,0.7622629789741099,0.7737048812418178,0.6443708851024385,2.398328765756828,5.0,13.6,ok,
pavia_university,40,43,SOP-SSFCM_r1,0.99,5779.554249624248,58.37933585479043,0.9795087246560048,0.8453649566201433,0.7273584045711252,0.838621729143759,0.8460117823078361,0.7289309234104824,2.293808904751869,5.0,13.64,ok,
pavia_university,40,43,SOP-SSFCM_r2,0.99,5779.554249624248,58.37933585479043,0.9805555656856718,0.8521548472274614,0.736176993734685,0.8414836376404315,0.8527679072377033,0.7376609512576895,2.351320517278612,5.0,13.65,ok,
pavia_university,40,43,Softmax,,,,,0.77263296869106,0.6421885272479532,0.7621732374524668,0.7736113708621657,0.6442470151723174,3.093425831954587,,15.61,ok,
pavia_university,40,44,SOP-SSFCM_r0,0.99,4729.244429387415,47.77014575138807,0.9690027876252718,0.7738589211618258,0.6566083378176424,0.7845938060646922,0.7748737609874696,0.658614664602839,1.70594241616183,5.0,13.54,ok,
pavia_university,40,44,SOP-SSFCM_r1,0.99,4729.244429387415,47.77014575138807,0.9756396535651124,0.8198792908336476,0.718706963893579,0.8372437147998707,0.8206237142322798,0.7204480588687593,1.794738389820765,5.0,13.73,ok,
pavia_university,40,44,SOP-SSFCM_r2,0.99,4729.244429387415,47.77014575138807,0.9770708940041546,0.8265277253866465,0.7291221567674485,0.8392658041135607,0.8271928184028428,0.7307040596875861,2.010066907769519,5.0,13.74,ok,
pavia_university,40,44,Softmax,,,,,0.7740946812523576,0.6570481097209642,0.784853449959618,0.7751075369366,0.659048702286887,2.1712442878629425,,15.51,ok,
pavia_university,40,45,SOP-SSFCM_r0,0.99,5276.184059482206,53.29478847961829,0.9682732606698458,0.715673330818559,0.6142301799791368,0.7289348802597336,0.7173414999064897,0.6166508436288959,3.202049040710201,5.0,13.54,ok,
pavia_university,40,45,SOP-SSFCM_r1,0.99,5276.184059482206,53.29478847961829,0.9761366218893208,0.7794464353074312,0.6883198109007278,0.7965923306563641,0.7807181597157284,0.6903131283969965,2.8985466791113788,5.0,13.64,ok,
pavia_university,40,45,SOP-SSFCM_r2,0.99,5276.184059482206,53.29478847961829,0.9784928856452716,0.796774801961524,0.7003783565726373,0.8103805662699268,0.7976902936225921,0.7019037203169471,3.535537705149101,5.0,13.65,ok,
pavia_university,40,45,Softmax,,,,,0.7158855149000377,0.6141145034349252,0.7291234676315509,0.717551898260707,0.616537726984213,5.279515033024021,,19.82,ok,
pavia_university,40,46,SOP-SSFCM_r0,0.99,5887.877701173371,59.4735121330644,0.9767815218713672,0.7619294605809128,0.6434275785228949,0.7698274686131952,0.7631382083411259,0.6456489919359327,1.9327612114196848,5.0,13.54,ok,
pavia_university,40,46,SOP-SSFCM_r1,0.99,5887.877701173371,59.4735121330644,0.9814821607179224,0.8292389664277631,0.7274026509765504,0.8400778658310217,0.8299279970076678,0.7290437167046733,1.8812823067347515,5.0,13.54,ok,
pavia_university,40,46,SOP-SSFCM_r2,0.99,5887.877701173371,59.4735121330644,0.9821779953674624,0.8391173142210486,0.7389100272711573,0.8457745796080628,0.8396063213016645,0.7402993569839013,1.8247360333225733,5.0,13.55,ok,
pavia_university,40,46,Softmax,,,,,0.7619058845718597,0.6433857632413144,0.7696706840988472,0.7631148307462128,0.6456068025308808,2.4755440376673725,,25.83,ok,
pavia_university,40,47,SOP-SSFCM_r0,0.99,5617.640877434419,56.743847246812365,0.9776694670711992,0.7820397963032818,0.6530517222512557,0.7777946070964649,0.7829624088273799,0.6550398087265651,1.2069937134069717,5.0,13.49,ok,
pavia_university,40,47,SOP-SSFCM_r1,0.99,5617.640877434419,56.743847246812365,0.9823619686022768,0.8432666918144096,0.7288655210970032,0.8389379611531561,0.8438142883860108,0.730351718488687,1.0179375629091452,5.0,14.07,ok,
pavia_university,40,47,SOP-SSFCM_r2,0.99,5617.640877434419,56.743847246812365,0.983241508573622,0.8489485099962278,0.7353360090078034,0.8414995684265444,0.8494015335702263,0.7365915646914069,1.132599449245354,5.0,14.1,ok,
pavia_university,40,47,Softmax,,,,,0.7825113164843456,0.653391397993227,0.7783891740980304,0.7834299607256405,0.6553776499376774,1.5443488181213687,,33.05,ok,
pavia_university,40,48,SOP-SSFCM_r0,0.99,5435.373204246225,54.9027596388508,0.970449740592522,0.7974349302150132,0.6598399689371716,0.7780624958186212,0.7984149990648962,0.6619891782589006,2.925926142497828,5.0,13.51,ok,
pavia_university,40,48,SOP-SSFCM_r1,0.99,5435.373204246225,54.9027596388508,0.9773415179852276,0.8782534892493399,0.7628725370832706,0.8670066466086235,0.8786702824013466,0.7642412333797097,2.2812633924705965,5.0,14.09,ok,
pavia_university,40,48,SOP-SSFCM_r2,0.99,5435.373204246225,54.9027596388508,0.9789627819936022,0.8891220294228593,0.7786857961065333,0.8786322059048516,0.889540864035908,0.7799686797308607,2.157350100541429,5.0,14.11,ok,
pavia_university,40,48,Softmax,,,,,0.7976235382874387,0.6599708910145146,0.7782129378686125,0.7986020198242005,0.6621186769735153,4.000564190450655,,20.11,ok,
pavia_university,40,49,SOP-SSFCM_r0,0.99,5918.915919246207,59.787029487335474,0.979467370699788,0.7791399471897397,0.6410458474297972,0.7629525324806128,0.7800402094632504,0.6429594599951196,1.1394088871509986,5.0,13.47,ok,
pavia_university,40,49,SOP-SSFCM_r1,0.99,5918.915919246207,59.787029487335474,0.9831296910328036,0.8461665409279517,0.7184000502522078,0.843197885936565,0.8464325790162708,0.719614447217436,1.0384489248569275,5.0,14.07,ok,
pavia_university,40,49,SOP-SSFCM_r2,0.99,5918.915919246207,59.787029487335474,0.9833340892313516,0.853498679743493,0.7266506207835046,0.8456143355124659,0.8539601645782682,0.7280761941040576,1.1699858620658985,5.0,14.08,ok,
pavia_university,40,49,Softmax,,,,,0.7793521312712184,0.6413754600235515,0.7630648710684057,0.7802739854123808,0.6433102400232418,1.5480200223474083,,21.36,ok,
pavia_university,40,50,SOP-SSFCM_r0,0.99,5958.435094751786,60.18621307830092,0.977506411869582,0.7760986420218785,0.649741608542381,0.7672537389807562,0.7770011221245559,0.6515637430602798,5.308180811576932,5.0,13.49,ok,
pavia_university,40,50,SOP-SSFCM_r1,0.99,5958.435094751786,60.18621307830092,0.981752024590027,0.8508817427385892,0.7302263623664765,0.8471298230454987,0.8513418739480082,0.7317153689656096,4.3054638205431965,5.0,14.1,ok,
pavia_university,40,50,SOP-SSFCM_r2,0.99,5958.435094751786,60.18621307830092,0.9825989029323604,0.8622689551112788,0.7419451866938863,0.8564834745831712,0.8626566298859173,0.7433580326872116,5.557885692999515,5.0,14.11,ok,
pavia_university,40,50,Softmax,,,,,0.775910033949453,0.6496286760929513,0.7671685035255117,0.7768141013652515,0.651450526676871,7.062709433394903,,33.75,ok,
pavia_university,40,51,SOP-SSFCM_r0,0.99,5045.080703292587,50.96041114436961,0.9735895932163212,0.7504007921539042,0.6256710373210952,0.7630321806924564,0.7518000748083037,0.6280566422769356,1.9850473557339223,5.0,13.53,ok,
pavia_university,40,51,SOP-SSFCM_r1,0.99,5045.080703292587,50.96041114436961,0.9780614838096968,0.8057101093926821,0.6915930933700325,0.8296470700944872,0.806877688423415,0.6937228101002532,1.6191558707127738,5.0,14.08,ok,
pavia_university,40,51,SOP-SSFCM_r2,0.99,5045.080703292587,50.96041114436961,0.9787405403978336,0.8175452659373821,0.7043263545079739,0.8393851844813852,0.8185431082850196,0.7062806932229296,1.98429612244534,5.0,14.1,ok,
pavia_university,40,51,Softmax,,,,,0.7511080724254998,0.6261277145187762,0.7637638921660136,0.7525014026556948,0.6285117709906303,2.589191699183549,,20.1,ok,
pavia_university,60,42,SOP-SSFCM_r0,0.99,5072.763521722164,51.24003557295119,0.9714927955916082,0.7902500236764846,0.6586809183039973,0.7805272165482674,0.791635496540116,0.6615449213712156,1.200354318910058,5.0,19.27,ok,
pavia_university,60,42,SOP-SSFCM_r1,0.99,5072.763521722164,51.24003557295119,0.9772106234440876,0.8495122644189791,0.7323705022024206,0.8567405557835984,0.8504769029362259,0.7348759987716538,1.232000991067753,5.0,19.56,ok,
pavia_university,60,42,SOP-SSFCM_r2,0.99,5072.763521722164,51.24003557295119,0.9780760100000708,0.8562837389904348,0.7414229947535134,0.862097499027695,0.8570460071067888,0.7434788019029795,1.329781397509113,5.0,19.57,ok,
pavia_university,60,42,Softmax,,,,,0.7902500236764846,0.6585402889143929,0.7806123229756512,0.791658874135029,0.6614222096694062,1.706418241929868,,31.52,ok,
pavia_university,60,43,SOP-SSFCM_r0,0.99,5673.70445383076,57.31014599829055,0.9746173211691528,0.786177668339805,0.6615840940095782,0.7897435730565625,0.7875911726201609,0.6644294589568562,1.065883177025413,5.0,19.3,ok,
pavia_university,60,43,SOP-SSFCM_r1,0.99,5673.70445383076,57.31014599829055,0.978777273566228,0.8462212330713136,0.7308339294126048,0.84900759073401,0.847204039648401,0.7333807589910841,1.014873640895162,5.0,19.5,ok,
pavia_university,60,43,SOP-SSFCM_r2,0.99,5673.70445383076,57.31014599829055,0.97928708221108,0.8541528553840326,0.7378074243724896,0.8527893264618577,0.8550589115391809,0.7402469715449779,1.294676025440178,5.0,19.52,ok,
pavia_university,60,43,Softmax,,,,,0.7863907567004451,0.6614329414035379,0.7898973941738183,0.7877781933794651,0.6642593774705834,1.405860136906092,,37.75,ok,
pavia_university,60,44,SOP-SSFCM_r0,0.99,5022.243366399345,50.7297309737308,0.9715013304779168,0.8069182687754523,0.6676741743381284,0.7899096218792057,0.8081167009538058,0.6706613236071883,2.590666058327209,5.0,19.38,ok,
pavia_university,60,44,SOP-SSFCM_r1,0.99,5022.243366399345,50.7297309737308,0.9769412819870618,0.8720996306468416,0.7517153031548868,0.8590501219246033,0.8727323732934356,0.7537696624153095,1.7953080701882915,5.0,19.55,ok,
pavia_university,60,44,SOP-SSFCM_r2,0.99,5022.243366399345,50.7297309737308,0.977895007147565,0.8787763992802349,0.7591694509675428,0.8636982997835706,0.8792547222741725,0.7609841495450714,1.849368113923296,5.0,19.56,ok,
pavia_university,60,44,Softmax,,,,,0.8071076806515769,0.6676949888930782,0.7900817026894013,0.8083037217131102,0.670684623270069,3.60052842093647,,43.67,ok,
pavia_university,60,45,SOP-SSFCM_r0,0.99,5402.034665960694,54.56600672687574,0.968025250587593,0.8135240079552988,0.6779769842630945,0.8041849222975831,0.8148026930989339,0.6809797938263434,1.7010358227273956,5.0,19.35,ok,
pavia_university,60,45,SOP-SSFCM_r1,0.99,5402.034665960694,54.56600672687574,0.975362981997515,0.8734965432332608,0.7599424270041489,0.8758744129993281,0.8739246306340004,0.761742056503786,1.9043124734742425,5.0,19.6,ok,
pavia_university,60,45,SOP-SSFCM_r2,0.99,5402.034665960694,54.56600672687574,0.9770103802249704,0.8771900748176911,0.762548480503082,0.8750367457699793,0.8775247802506079,0.764247407274962,2.206778496104138,5.0,19.61,ok,
pavia_university,60,45,Softmax,,,,,0.8137134198314234,0.6782250165644154,0.804444106794036,0.8150130914531513,0.6812497081128408,2.025585742923385,,37.67,ok,
pavia_university,60,46,SOP-SSFCM_r0,0.99,5261.9509796788925,53.15101999675654,0.9695064461571284,0.7832654607443886,0.6621620213291027,0.7886482913509325,0.7846455956611184,0.6651014579334791,2.728681755441108,5.0,19.31,ok,
pavia_university,60,46,SOP-SSFCM_r1,0.99,5261.9509796788925,53.15101999675654,0.9759572350896768,0.8300028411781418,0.7306546098393363,0.8486912583792319,0.8308397232092762,0.7328342773617882,1.6092836698898618,5.0,19.58,ok,
pavia_university,60,46,SOP-SSFCM_r2,0.99,5261.9509796788925,53.15101999675654,0.9774298143024212,0.8374135808315182,0.7394192252072992,0.8516618533055789,0.8382971759865345,0.7416708023220305,1.6839966561680888,5.0,19.6,ok,
pavia_university,60,46,Softmax,,,,,0.78352590207406,0.6624326736378259,0.7888514751288449,0.7849261268000748,0.6653882851573893,3.760410707183009,,31.73,ok,
pavia_university,60,47,SOP-SSFCM_r0,0.99,5188.165049535267,52.40570757106335,0.9678424218011622,0.7780092811819301,0.6498312547495231,0.7867723713745846,0.7798298111090332,0.6534382210851907,2.137248932335152,5.0,19.35,ok,
pavia_university,60,47,SOP-SSFCM_r1,0.99,5188.165049535267,52.40570757106335,0.9741537945834178,0.8193010701771001,0.7139048752804161,0.8310546798685285,0.820717224611932,0.7168419329655956,2.343098248205916,5.0,19.5,ok,
pavia_university,60,47,SOP-SSFCM_r2,0.99,5188.165049535267,52.40570757106335,0.9759288414358483,0.8242968084098873,0.7223788570650639,0.8311545866289227,0.8255563867589303,0.725076363424404,2.301017021501848,5.0,19.52,ok,
pavia_university,60,47,Softmax,,,,,0.7785064873567573,0.6499387450443648,0.7872216867847363,0.7803207406022068,0.6535469945313317,2.485335999486684,,35.64,ok,
pavia_university,60,48,SOP-SSFCM_r0,0.99,5267.186848355094,53.20390755914241,0.9714278528464384,0.8015437067904158,0.6667245841316297,0.781485641132857,0.8029736300729381,0.669733539132269,4.853371074313908,5.0,19.34,ok,
pavia_university,60,48,SOP-SSFCM_r1,0.99,5267.186848355094,53.20390755914241,0.9778565891089118,0.8679325693720996,0.7558419052572477,0.8550758428213074,0.8686880493734804,0.7579573443343569,2.572396499660346,5.0,19.55,ok,
pavia_university,60,48,SOP-SSFCM_r2,0.99,5267.186848355094,53.20390755914241,0.9790176612656044,0.8772611042712378,0.7672107116863178,0.8615677536533529,0.8778520665793903,0.7691469969275767,2.6097451546902164,5.0,19.57,ok,
pavia_university,60,48,Softmax,,,,,0.8014253243678379,0.6664022763552658,0.7813380189200017,0.8028567420983729,0.6694157548898576,7.015331609301273,,21.93,ok,
pavia_university,60,49,SOP-SSFCM_r0,0.99,5191.396021015311,52.43834364661935,0.9679240369659012,0.809972535277962,0.6759059372761017,0.794973555302639,0.8110389003179352,0.678680173933708,1.5793775002343098,5.0,19.31,ok,
pavia_university,60,49,SOP-SSFCM_r1,0.99,5191.396021015311,52.43834364661935,0.974636927361918,0.8660147741263378,0.7488771622720776,0.8651611620407018,0.8667710865906115,0.7512947601360694,1.6061178251301595,5.0,19.49,ok,
pavia_university,60,49,SOP-SSFCM_r2,0.99,5191.396021015311,52.43834364661935,0.9759866857229488,0.8729519840894024,0.7565935514112726,0.8722992049377256,0.873667477089957,0.7590012963948879,1.6996588036267162,5.0,19.5,ok,
pavia_university,60,49,Softmax,,,,,0.8100435647315086,0.6758683184822056,0.7950877380695167,0.8111324106975875,0.6786590204869738,1.719526330374035,,26.36,ok,
pavia_university,60,50,SOP-SSFCM_r0,0.99,5572.8167537188765,56.29107832039274,0.974405952888636,0.7728478075575339,0.6487496361760702,0.7825712430779808,0.7745464746586871,0.6519373298875947,1.8887807813937223,5.0,19.3,ok,
pavia_university,60,50,SOP-SSFCM_r1,0.99,5572.8167537188765,56.29107832039274,0.9794180122367492,0.8315891656406856,0.7134622155800936,0.8415140234792664,0.8325930428277539,0.7158688689486612,1.4648729608213165,5.0,19.58,ok,
pavia_university,60,50,SOP-SSFCM_r2,0.99,5572.8167537188765,56.29107832039274,0.9805770503542048,0.8381475518515011,0.7170206321861625,0.8410985858668137,0.8390452590237516,0.7195305316821963,1.5903989578895257,5.0,19.59,ok,
pavia_university,60,50,Softmax,,,,,0.7732266313097831,0.6491064313323582,0.7829135254358667,0.7749205161772956,0.6522899307638521,2.4522793700570245,,25.73,ok,
pavia_university,60,51,SOP-SSFCM_r0,0.99,5179.349696974912,52.31666360580724,0.9719357163634694,0.7946064968273511,0.6754901050958728,0.799827078564469,0.7961473723583318,0.6785251943517474,1.6929818827636531,5.0,19.31,ok,
pavia_university,60,51,SOP-SSFCM_r1,0.99,5179.349696974912,52.31666360580724,0.9772009740536975,0.8481627048015911,0.7477537717791871,0.8556583421549366,0.8492612680007481,0.750176339096973,1.5853405725188563,5.0,19.54,ok,
pavia_university,60,51,SOP-SSFCM_r2,0.99,5179.349696974912,52.31666360580724,0.9780190356190748,0.8563310919594659,0.7563638650314893,0.8591054651789333,0.8573031606508322,0.758766065401675,1.6720330706429565,5.0,19.56,ok,
pavia_university,60,51,Softmax,,,,,0.7948195851879913,0.6758907893920755,0.8001533877511787,0.7963577707125491,0.6789212897250044,1.9645742771461987,,28.61,ok,
houston2013,5,42,SOP-SSFCM_r0,0.99,4832.093443262952,48.8090246794238,0.9723336464851297,0.6885783068075432,0.6752753988523301,0.7025882457512185,0.6892674163284317,0.6759156487390526,4.8037110446942215,10.0,6.1,ok,
houston2013,5,42,SOP-SSFCM_r1,0.99,4832.093443262952,48.8090246794238,0.973881953449726,0.7132539788685301,0.7117039811994739,0.7272499108368659,0.7138199481003393,0.7121187837953776,5.332351804340291,10.0,6.3,ok,
houston2013,5,42,SOP-SSFCM_r2,0.99,4832.093443262952,48.8090246794238,0.9746141968589812,0.7143907984485757,0.7109976102309016,0.7277672290593576,0.7147514804710893,0.7112220305261134,6.297291473844342,10.0,6.4,ok,
houston2013,5,42,Softmax,,,,,0.6881770763675271,0.6745832597975667,0.7012807993964373,0.6888681881695389,0.6752219834685622,8.18780357072116,,5.19,ok,
houston2013,5,43,SOP-SSFCM_r0,0.99,2618.540604801324,26.449905099003296,0.9409956349607748,0.6798181088671927,0.6458206577827311,0.6771368771717619,0.6808170869652006,0.6467888352293827,9.03485031876678,10.0,5.92,ok,
houston2013,5,43,SOP-SSFCM_r1,0.99,2618.540604801324,26.449905099003296,0.9464308390712404,0.7068342918282734,0.6913033151973994,0.6993348613975159,0.7074988355845365,0.6919332242003263,19.526677563824023,10.0,6.17,ok,
houston2013,5,43,SOP-SSFCM_r2,0.99,2618.540604801324,26.449905099003296,0.9491825427156356,0.7104453657884178,0.6973446425635218,0.7018265652558003,0.7110253509880897,0.6979274189226559,26.652520661104106,10.0,6.32,ok,
houston2013,5,43,Softmax,,,,,0.6809549284472382,0.6465141089088026,0.6779386769159099,0.6819482334153969,0.6474838464380442,4.980816246635714,,5.19,ok,
houston2013,5,44,SOP-SSFCM_r0,0.99,4925.221802159093,49.74971517332422,0.9654803024611156,0.6944630199277785,0.6865590265652088,0.7010857380328404,0.6956550668707167,0.6873404761647504,4.359190494972188,10.0,5.97,ok,
houston2013,5,44,SOP-SSFCM_r1,0.99,4925.221802159093,49.74971517332422,0.9682180224239476,0.7076367527083055,0.7103077181238897,0.7176211412649632,0.7086299820347328,0.7108478650196992,21.17781334611483,10.0,6.14,ok,
houston2013,5,44,SOP-SSFCM_r2,0.99,4925.221802159093,49.74971517332422,0.9697905328062724,0.7105122375284205,0.7069644543836352,0.720482300055636,0.7115576551999467,0.7075759736145516,21.960489421540625,10.0,6.26,ok,
houston2013,5,44,Softmax,,,,,0.6947973786277919,0.6875698143051789,0.7019358549253982,0.6959877570031273,0.6883444931443832,4.194247268728033,,5.17,ok,
houston2013,5,45,SOP-SSFCM_r0,0.99,3121.202041048644,31.527293343925724,0.9503447575894176,0.6258526146850341,0.6364826922197199,0.6322945064090282,0.6274535897265288,0.637421191102352,8.775415909121346,10.0,5.96,ok,
houston2013,5,45,SOP-SSFCM_r1,0.99,3121.202041048644,31.527293343925724,0.9545380150439412,0.6452454192858098,0.6696854982736039,0.6571837434832678,0.6463503892474549,0.6702845766984287,20.45417914959611,10.0,6.16,ok,
houston2013,5,45,SOP-SSFCM_r2,0.99,3121.202041048644,31.527293343925724,0.9565719529884712,0.6446435736257857,0.6732796486354172,0.6613976384040426,0.6457515470091157,0.6738901895710869,24.28819346360593,10.0,6.29,ok,
houston2013,5,45,Softmax,,,,,0.6251838972850073,0.6364285080724144,0.6316530317225929,0.6268547474881895,0.6373729606849446,15.265565846741152,,5.18,ok,
houston2013,5,46,SOP-SSFCM_r0,0.99,3430.2442923276167,34.64893224573353,0.9620269910266692,0.722348535508894,0.6806591607516818,0.7277262057950614,0.7232683478608024,0.6813722048161259,3.2619557735877884,10.0,5.97,ok,
houston2013,5,46,SOP-SSFCM_r1,0.99,3430.2442923276167,34.64893224573353,0.9645091210737676,0.7517052293700682,0.7194392449746772,0.7578507950318198,0.7522789274070131,0.7198998845154485,3.207421158760766,10.0,6.17,ok,
houston2013,5,46,SOP-SSFCM_r2,0.99,3430.2442923276167,34.64893224573353,0.9653731003090664,0.7456867727698274,0.7161219957220518,0.7501455374499094,0.7464235810765852,0.7166740796760428,3.9449294758103366,10.0,6.3,ok,
houston2013,5,46,Softmax,,,,,0.722147920288886,0.680417138118546,0.7275621274788613,0.723068733781356,0.6811289753550547,5.123156392460099,,5.18,ok,
houston2013,5,47,SOP-SSFCM_r0,0.99,3455.663129742237,34.90568817921454,0.9549635539531371,0.6590209977263608,0.6502548595564543,0.6712282249916534,0.6603899128351853,0.6510047028363997,11.52276961366316,10.0,5.98,ok,
houston2013,5,47,SOP-SSFCM_r1,0.99,3455.663129742237,34.90568817921454,0.9578589289540906,0.6879095894075163,0.6854414732296058,0.6981017392406693,0.6888681881695389,0.6860791550079423,12.703682741257657,10.0,6.19,ok,
houston2013,5,47,SOP-SSFCM_r2,0.99,3455.663129742237,34.90568817921454,0.9598998361535448,0.6999465026079978,0.6991566555989591,0.7062717715698478,0.700778494909841,0.699620598434118,15.003454319271038,10.0,6.32,ok,
houston2013,5,47,Softmax,,,,,0.6568811020462753,0.6497007748546122,0.6697690267202839,0.6583272340142391,0.650467569374394,21.30753093773088,,5.19,ok,
houston2013,5,48,SOP-SSFCM_r0,0.99,2892.9730383843307,29.22194988267003,0.9505251429154258,0.6711916544068477,0.6588413312258786,0.6925873460805243,0.6722336815490052,0.6594783039669558,6.119254858325784,10.0,5.94,ok,
houston2013,5,48,SOP-SSFCM_r1,0.99,2892.9730383843307,29.22194988267003,0.953549601159602,0.7082385983683296,0.7060403644039299,0.7310639645484949,0.7088961341406614,0.706280023969307,8.58457716090562,10.0,6.15,ok,
houston2013,5,48,SOP-SSFCM_r2,0.99,2892.9730383843307,29.22194988267003,0.955853665235426,0.7146582854085863,0.7121232802739491,0.7373268870038869,0.7153503227094284,0.7124693973545536,11.9548004685765,10.0,6.28,ok,
houston2013,5,48,Softmax,,,,,0.6701217065668049,0.6574286940996726,0.6889272178287359,0.6710359970723269,0.6580705730068662,7.896308208685112,,5.26,ok,
houston2013,5,49,SOP-SSFCM_r0,0.99,4717.916589531266,47.655723126578486,0.9711337934112408,0.7021532700280861,0.659269512818794,0.7091713819674842,0.70324040188968,0.6601662432958352,11.550858205375032,5.0,5.87,ok,
houston2013,5,49,SOP-SSFCM_r1,0.99,4717.916589531266,47.655723126578486,0.973287320796474,0.726026481209041,0.6955585908326002,0.7394466803604156,0.7268614012908378,0.6962756189601376,12.899413528153987,10.0,6.14,ok,
houston2013,5,49,SOP-SSFCM_r2,0.99,4717.916589531266,47.655723126578486,0.9744000974211598,0.7232847398689314,0.6958733416613931,0.7374392162208866,0.7241333422050702,0.6965193892213675,12.453721479444846,10.0,6.25,ok,
houston2013,5,49,Softmax,,,,,0.7033569613481343,0.6599385880185822,0.7101725123072008,0.7044380863663584,0.6608349300840355,25.85130141419269,,5.22,ok,
houston2013,5,50,SOP-SSFCM_r0,0.99,4195.284338893851,42.37660948377631,0.9657531213535896,0.6858365654674334,0.6546171480921739,0.7001956665852536,0.6868055093485927,0.655451518446992,6.372161921678464,10.0,5.97,ok,
houston2013,5,50,SOP-SSFCM_r1,0.99,4195.284338893851,42.37660948377631,0.9669700752881832,0.7089073157683563,0.6833284983309127,0.7261128922813302,0.7096280524319649,0.683859496474051,7.851510438545466,10.0,6.17,ok,
houston2013,5,50,SOP-SSFCM_r2,0.99,4195.284338893851,42.37660948377631,0.9672256385813274,0.7079711114083188,0.6835995403572758,0.7223657398898707,0.7088295961141793,0.6842830190011416,8.94327703239549,10.0,6.3,ok,
houston2013,5,50,Softmax,,,,,0.686973385047479,0.655009044838578,0.7003412644540333,0.687936655798789,0.655836204475655,6.364346830360945,,5.19,ok,
houston2013,5,51,SOP-SSFCM_r0,0.99,6065.364153834843,61.26630458419039,0.9790718827220284,0.704226293968169,0.6856022410977789,0.7126559194635516,0.7055692328165547,0.6865329156638763,5.113216547782371,10.0,5.97,ok,
houston2013,5,51,SOP-SSFCM_r1,0.99,6065.364153834843,61.26630458419039,0.9805301613099396,0.7399358031295974,0.727839247057725,0.7556548944778261,0.7409674629050502,0.7285467061408202,8.463760048085758,10.0,6.16,ok,
houston2013,5,51,SOP-SSFCM_r2,0.99,6065.364153834843,61.26630458419039,0.9811415177075804,0.7525076902501003,0.7377339933212372,0.7708827179885437,0.7534766118836915,0.7384490715529543,9.669601296482814,10.0,6.28,ok,
houston2013,5,51,Softmax,,,,,0.7041594222281664,0.6860303485588278,0.7128008658477553,0.7055026947900725,0.6869571946164041,6.036141842190792,,5.22,ok,
houston2013,10,42,SOP-SSFCM_r0,0.99,3437.717557817753,34.72441977593693,0.9639475402809418,0.7631561260837422,0.7063967981612849,0.7568186533445527,0.7641892341473152,0.7075090615727522,3.164963892418668,10.0,8.05,ok,
houston2013,10,42,SOP-SSFCM_r1,0.99,3437.717557817753,34.72441977593693,0.9660085462335856,0.7967605349821897,0.7442955434351254,0.7973212085200364,0.7972586333089361,0.745110510271293,6.3179494658708935,10.0,8.29,ok,
houston2013,10,42,SOP-SSFCM_r2,0.99,3437.717557817753,34.72441977593693,0.966910192669702,0.801061899321191,0.744386401766856,0.8019034200832452,0.8017166810832391,0.7452908206047774,9.148528682892842,10.0,8.41,ok,
houston2013,10,42,Softmax,,,,,0.7633577525371329,0.7056537293061005,0.7564410180227455,0.7643223102002794,0.7066931901713541,5.789502459329172,,7.05,ok,
houston2013,10,43,SOP-SSFCM_r0,0.99,3653.202728430371,36.90103766091287,0.9624642608102344,0.6968882317360038,0.6792942909604884,0.7211110010283047,0.6987823541153769,0.6807735158118874,15.224342683543725,10.0,8.05,ok,
houston2013,10,43,SOP-SSFCM_r1,0.99,3653.202728430371,36.90103766091287,0.963356766737932,0.7247126823039183,0.7109657529543421,0.7545011221051033,0.7261294829995343,0.7122041349334006,37.1322787896782,10.0,8.16,ok,
houston2013,10,43,SOP-SSFCM_r2,0.99,3653.202728430371,36.90103766091287,0.9640266297875472,0.7332482021641239,0.716102678291538,0.7637364920970314,0.7346463503892474,0.7174324949657984,61.48259391564572,10.0,8.28,ok,
houston2013,10,43,Softmax,,,,,0.6985684521809261,0.6801925639357651,0.7209397091367701,0.700312728724466,0.6817332356156549,27.194430003224213,,7.01,ok,
houston2013,10,44,SOP-SSFCM_r0,0.99,3777.763480273312,38.15922707346783,0.9672081133711828,0.7624840379057732,0.7174772626953729,0.7676873659865004,0.7637234679619402,0.718700841832886,2.8016291104960227,10.0,8.09,ok,
houston2013,10,44,SOP-SSFCM_r1,0.99,3777.763480273312,38.15922707346783,0.967816213187007,0.7974326231601586,0.7568743593482959,0.8052570148753492,0.7983232417326502,0.7578836129441403,4.321505103259085,10.0,8.23,ok,
houston2013,10,44,SOP-SSFCM_r2,0.99,3777.763480273312,38.15922707346783,0.9683413788647354,0.7990456347872841,0.763206973466507,0.8079236747805832,0.7998536163417393,0.7642009905198197,5.209237033239576,10.0,8.34,ok,
houston2013,10,44,Softmax,,,,,0.7620135761811949,0.7170225271408771,0.7672728605223033,0.7632577017765653,0.7182494817544223,4.782190186425771,,7.12,ok,
houston2013,10,45,SOP-SSFCM_r0,0.99,3688.30849367247,37.255641350227,0.9661769568517012,0.7435983601048457,0.7141768493196731,0.752056923182617,0.7451593585734247,0.7154011980393267,21.546977258367697,10.0,8.0,ok,
houston2013,10,45,SOP-SSFCM_r1,0.99,3688.30849367247,37.255641350227,0.9681078741776672,0.7654412258888366,0.7495626413960287,0.7756641548233049,0.7663849890212256,0.7504090032648828,75.79732020749492,10.0,8.29,ok,
houston2013,10,45,SOP-SSFCM_r2,0.99,3688.30849367247,37.255641350227,0.969201091095392,0.7650379729820552,0.7517699258287446,0.7775421346791483,0.7659857608623328,0.752547353092326,30.626114252524427,10.0,8.41,ok,
houston2013,10,45,Softmax,,,,,0.7444048659184085,0.7139611798884039,0.7523269253477041,0.7459578148912104,0.7151759950717792,8.964264669652874,,7.01,ok,
houston2013,10,46,SOP-SSFCM_r0,0.99,3587.900788209469,36.24142210312598,0.9649765127265312,0.7278042879225755,0.6915839467028329,0.7437902389165202,0.7293233082706767,0.6927641376823381,4.961571757697157,10.0,8.09,ok,
houston2013,10,46,SOP-SSFCM_r1,0.99,3587.900788209469,36.24142210312598,0.9666564588221432,0.7565024531218496,0.7301283246655191,0.7746653463764228,0.7574688934726196,0.7310093553265374,7.379924251404541,10.0,8.2,ok,
houston2013,10,46,SOP-SSFCM_r2,0.99,3587.900788209469,36.24142210312598,0.9676353603841646,0.7582498823845688,0.7313785283884355,0.7744885482112518,0.7589327300552265,0.7316560934253347,7.233100275025159,10.0,8.33,ok,
houston2013,10,46,Softmax,,,,,0.7257208145708717,0.6890082830319387,0.7421010729839808,0.7273937055026948,0.6903397369054065,18.90725321095485,,7.05,ok,
houston2013,10,47,SOP-SSFCM_r0,0.99,4517.892854061166,45.63528135415323,0.9691160235614436,0.7298205524564823,0.6848250238365208,0.7389894042417997,0.7315856011710693,0.686284034115601,4.32523845695409,10.0,8.03,ok,
houston2013,10,47,SOP-SSFCM_r1,0.99,4517.892854061166,45.63528135415323,0.9707593686658744,0.7663149405201962,0.7317933035299747,0.7784186658542439,0.7677822875773505,0.7329540558716084,4.383902728923483,10.0,8.5,ok,
houston2013,10,47,SOP-SSFCM_r2,0.99,4517.892854061166,45.63528135415323,0.9716824439021168,0.7597956851938974,0.7256528894176989,0.7691316150176658,0.761128484929137,0.726643919955673,4.898265070645574,10.0,8.64,ok,
houston2013,10,47,Softmax,,,,,0.7302910141810606,0.684138148141735,0.7401647077683217,0.73191829130348,0.6854864370088183,8.011772215004873,,7.0,ok,
houston2013,10,48,SOP-SSFCM_r0,0.99,2361.8408435644224,23.85697821782247,0.942253471846457,0.7244438470327307,0.7033315855982626,0.7387073021575801,0.725530640761195,0.704544853006508,8.213938475412162,10.0,8.04,ok,
houston2013,10,48,SOP-SSFCM_r1,0.99,2361.8408435644224,23.85697821782247,0.946324244758735,0.744740910007393,0.7381250577038589,0.7613720658045456,0.7456251247587996,0.739156016836207,13.034969080306857,15.0,8.46,ok,
houston2013,10,48,SOP-SSFCM_r2,0.99,2361.8408435644224,23.85697821782247,0.9479760021539988,0.749848780159957,0.7416354119206332,0.7665424074136012,0.7511477809568168,0.7426502029506379,13.566524542394282,15.0,8.58,ok,
houston2013,10,48,Softmax,,,,,0.7241078029437462,0.7025484153137203,0.7384742961063941,0.7251314126023022,0.7036579105503734,15.760549875130016,,6.99,ok,
houston2013,10,49,SOP-SSFCM_r0,0.99,3103.39719017777,31.347446365432045,0.9604361331368624,0.7451441629141743,0.6977909555813911,0.7559958470502279,0.7461574289706567,0.6986763709606038,5.205973910317464,10.0,8.07,ok,
houston2013,10,49,SOP-SSFCM_r1,0.99,3103.39719017777,31.347446365432045,0.9615228505616166,0.7828483096982324,0.7434944706790367,0.7956666597946196,0.7839510280125092,0.7444296299850897,8.853990288838126,10.0,8.42,ok,
houston2013,10,49,SOP-SSFCM_r2,0.99,3103.39719017777,31.347446365432045,0.9623220208691262,0.7873513004906244,0.7437257537441296,0.7974740549195651,0.7882094617073657,0.7443427035878069,10.4346397116983,10.0,8.54,ok,
houston2013,10,49,Softmax,,,,,0.7448753276429868,0.697239091066964,0.7559312490634027,0.7460243529176924,0.6982843078373546,6.134265555682534,,6.99,ok,
houston2013,10,50,SOP-SSFCM_r0,0.99,3506.551029443135,35.419707368112505,0.958948399502878,0.7458834599099402,0.6999053903882447,0.7524028163691378,0.7474881895002994,0.701293580028384,6.647657898563768,10.0,8.03,ok,
houston2013,10,50,SOP-SSFCM_r1,0.99,3506.551029443135,35.419707368112505,0.9600708837304642,0.7788829894482157,0.7368151316220767,0.7832155310812591,0.7800252844500632,0.7378578019414151,12.00717207813456,10.0,8.41,ok,
houston2013,10,50,SOP-SSFCM_r2,0.99,3506.551029443135,35.419707368112505,0.960808421561676,0.7845957389609517,0.7354812282956734,0.7864689069870038,0.7856810167010446,0.7365486472159223,14.582168683533734,10.0,8.52,ok,
houston2013,10,50,Softmax,,,,,0.7451441629141743,0.6992480430848922,0.751105922021101,0.7467562712089959,0.7006335643080019,11.96053576383866,,7.02,ok,
houston2013,10,51,SOP-SSFCM_r0,0.99,3067.3348895461727,30.983180702486617,0.9547621816660904,0.7403723368505948,0.7024804097642335,0.7488185548156923,0.7416993811963537,0.7035891221884598,3.809639274137989,10.0,8.07,ok,
houston2013,10,51,SOP-SSFCM_r1,0.99,3067.3348895461727,30.983180702486617,0.9567540091200232,0.7591908058337253,0.7321331236154452,0.7674450707704589,0.7599308004524585,0.7328834152690333,6.162292248746561,10.0,8.42,ok,
houston2013,10,51,SOP-SSFCM_r2,0.99,3067.3348895461727,30.983180702486617,0.9577461416474076,0.7567040795752402,0.7323511211656537,0.7640261740701875,0.757668507552066,0.7332383129750204,8.176890538405223,10.0,8.54,ok,
houston2013,10,51,Softmax,,,,,0.7373479400497345,0.6994006460698402,0.7464159838938301,0.7388382460576219,0.7006053443320734,6.42128992786173,,6.99,ok,
houston2013,20,42,SOP-SSFCM_r0,0.99,3111.385743033952,31.428138818524783,0.9580082269574348,0.765496639283047,0.7150356255271777,0.7725822055369959,0.7671169073125291,0.7168619399911267,5.016790111521623,10.0,12.24,ok,
houston2013,20,42,SOP-SSFCM_r1,0.99,3111.385743033952,31.428138818524783,0.9601600903131192,0.7986964491818861,0.7547773573185239,0.8072521970723822,0.7995874642358107,0.7558563660466031,6.75117188746683,10.0,12.5,ok,
houston2013,20,42,SOP-SSFCM_r2,0.99,3111.385743033952,31.428138818524783,0.9614173747778664,0.8016837531400638,0.7556632099973121,0.8086417300219132,0.8025151374010246,0.756749396917391,7.416963370889817,10.0,12.63,ok,
houston2013,20,42,Softmax,,,,,0.765496639283047,0.7150485793840453,0.772753382866181,0.7671834453390113,0.7169243074553407,8.759819618995188,,10.66,ok,
houston2013,20,43,SOP-SSFCM_r0,0.99,3235.241623815128,32.67920832136496,0.9596444842158456,0.768416049969448,0.7283656928113512,0.777465797265264,0.7705768846896001,0.7304912628035382,2.929878059293666,10.0,12.24,ok,
houston2013,20,43,SOP-SSFCM_r1,0.99,3235.241623815128,32.67920832136496,0.9617319467195484,0.7980854097358951,0.7653845701354799,0.809740277436243,0.7992547741034001,0.7665601086509295,10.337980938689572,10.0,12.18,ok,
houston2013,20,43,SOP-SSFCM_r2,0.99,3235.241623815128,32.67920832136496,0.9630116529261804,0.8047389503700183,0.772001751761599,0.8156699617096224,0.8057089626721672,0.7732036710633838,17.419691218090477,10.0,12.31,ok,
houston2013,20,43,Softmax,,,,,0.76753343743635,0.7276901875422208,0.7766053196468119,0.7697784283718145,0.7298656008594278,4.183594288123029,,10.77,ok,
houston2013,20,44,SOP-SSFCM_r0,0.99,2298.495292084439,23.2171241624691,0.9447532492565272,0.7400366623667595,0.6958372044095825,0.7507635485162126,0.7422982234346929,0.6976539250370425,8.653953485120871,15.0,12.39,ok,
houston2013,20,44,SOP-SSFCM_r1,0.99,2298.495292084439,23.2171241624691,0.9470162874895912,0.766107678729038,0.7341898414039963,0.7752204105707122,0.7679153636303148,0.7356133632445153,11.837004759072729,15.0,12.38,ok,
houston2013,20,44,SOP-SSFCM_r2,0.99,2298.495292084439,23.2171241624691,0.9489314266266694,0.7687555163283318,0.7364832603894746,0.7749470829097583,0.7705768846896001,0.7380631007006321,11.371629674012777,15.0,12.5,ok,
houston2013,20,44,Softmax,,,,,0.7386787969312241,0.6926982305914374,0.7499483251560144,0.7410340009315324,0.6946175418682622,17.769760723849913,,10.75,ok,
houston2013,20,45,SOP-SSFCM_r0,0.99,2954.2017101543247,29.84042131469017,0.9563030430931806,0.7477764953493109,0.7058105163492886,0.7584711663622461,0.7499500964801384,0.7073980458606777,5.533941218565106,10.0,12.2,ok,
houston2013,20,45,SOP-SSFCM_r1,0.99,2954.2017101543247,29.84042131469017,0.9578994678282488,0.7725575395478308,0.7396721022761675,0.7827916122620806,0.7741034000931533,0.7411935901489172,4.637643436130068,10.0,12.22,ok,
houston2013,20,45,SOP-SSFCM_r2,0.99,2954.2017101543247,29.84042131469017,0.9591322108678904,0.7809084119763732,0.743530901270411,0.7888028851063923,0.78242065340342,0.7449575302473856,5.979422234986925,10.0,12.34,ok,
houston2013,20,45,Softmax,,,,,0.7487948944259624,0.7060371489586681,0.759084859916286,0.7510812429303347,0.7077874884807357,9.32634410352154,,10.72,ok,
houston2013,20,46,SOP-SSFCM_r0,0.99,3390.8733687863846,34.25124614935745,0.9644094013841638,0.780636838889266,0.7301206673243155,0.7890790068018341,0.7822875773504557,0.7316392876586281,6.487521665255247,10.0,12.2,ok,
houston2013,20,46,SOP-SSFCM_r1,0.99,3390.8733687863846,34.25124614935745,0.9654035830253268,0.822323307760201,0.7769523121673755,0.8299453254082069,0.8235411537693792,0.7782024667285373,7.320960927429395,10.0,12.24,ok,
houston2013,20,46,SOP-SSFCM_r2,0.99,3390.8733687863846,34.25124614935745,0.9659784735193344,0.829316314753208,0.7827073505747258,0.8359844534394156,0.830328032470557,0.7837318727671746,8.147836626381952,10.0,12.36,ok,
houston2013,20,46,Softmax,,,,,0.7813157716070337,0.7305427530491692,0.7898595332395142,0.7829529576152772,0.7320514474876757,10.222910806511404,,10.69,ok,
houston2013,20,47,SOP-SSFCM_r0,0.99,2645.8591766536124,26.72585026922843,0.9503719805949268,0.7591825650078077,0.7052368359815641,0.7650829003788714,0.761128484929137,0.7070637330829916,7.632063800028134,10.0,12.2,ok,
houston2013,20,47,SOP-SSFCM_r1,0.99,2645.8591766536124,26.72585026922843,0.9528912938891736,0.7925860547219771,0.7460619127854091,0.8051459238702733,0.7945305742231685,0.7480532286869087,9.904229142745084,10.0,12.29,ok,
houston2013,20,47,SOP-SSFCM_r2,0.99,2645.8591766536124,26.72585026922843,0.9543854988465452,0.7993753818996537,0.756155327159057,0.8123089247499109,0.8009182247654535,0.757823709946889,14.389146650808936,10.0,12.39,ok,
houston2013,20,47,Softmax,,,,,0.7608120035304501,0.706444763616712,0.7663588922265864,0.7626588595382261,0.7082880011551235,6.943360116257137,,10.69,ok,
houston2013,20,48,SOP-SSFCM_r0,0.99,2760.996824795189,27.888856816113044,0.9518808357649308,0.7721501799171702,0.7205969852842518,0.7795083148810951,0.7740368620666711,0.7221132779182612,6.273535684638731,10.0,12.26,ok,
houston2013,20,48,SOP-SSFCM_r1,0.99,2760.996824795189,27.888856816113044,0.9534178664662868,0.8145155815058728,0.7647379935461777,0.8262806622142304,0.8156896666444873,0.7657914899518877,4.387514330479832,10.0,12.31,ok,
houston2013,20,48,SOP-SSFCM_r2,0.99,2760.996824795189,27.888856816113044,0.9545179591167826,0.8153303007671939,0.762511965352541,0.8257473599209137,0.8162219708563444,0.7632876312765212,5.283926616648332,10.0,12.43,ok,
houston2013,20,48,Softmax,,,,,0.7732364722655984,0.7208014464948442,0.779493116202701,0.7751014704903852,0.7222460461587162,12.823240627473629,,10.7,ok,
houston2013,20,49,SOP-SSFCM_r0,0.99,3265.9256221297937,32.989147698280775,0.95933987827085,0.7686876230565551,0.7228136095540848,0.7728468087509506,0.7707764987690465,0.7248689107252145,6.301275851372825,10.0,12.2,ok,
houston2013,20,49,SOP-SSFCM_r1,0.99,3265.9256221297937,32.989147698280775,0.9609470741639244,0.7965238644850295,0.760767244158764,0.8018895924276734,0.7978574755472753,0.7623204936933223,17.331796977829278,10.0,12.22,ok,
houston2013,20,49,SOP-SSFCM_r2,0.99,3265.9256221297937,32.989147698280775,0.9622499411310326,0.8022268993142779,0.7595213118363592,0.807355185357746,0.8034466697717746,0.7608444532203708,19.80133456456113,10.0,12.35,ok,
houston2013,20,49,Softmax,,,,,0.7697060221332066,0.7234117473705717,0.7734696919094115,0.7718411071927607,0.725519479673032,7.142536870539319,,10.73,ok,
houston2013,20,50,SOP-SSFCM_r0,0.99,3423.8168443060804,34.58400852834428,0.9624339898084112,0.7874940593387195,0.7325797175781805,0.7916480569436157,0.7886752278927407,0.733793969147905,4.516414532724465,10.0,12.25,ok,
houston2013,20,50,SOP-SSFCM_r1,0.99,3423.8168443060804,34.58400852834428,0.964528353508063,0.8182497114535949,0.7680337256714205,0.82479444108025,0.8194157961274868,0.7692187572219111,9.94370711474012,10.0,12.28,ok,
houston2013,20,50,SOP-SSFCM_r2,0.99,3423.8168443060804,34.58400852834428,0.9653525839928788,0.8199470432480142,0.7674112698201616,0.8242271952208664,0.8212123228425044,0.768648925709707,14.378773323319738,10.0,12.43,ok,
houston2013,20,50,Softmax,,,,,0.7888519247742549,0.7331357611436226,0.7926800511806106,0.7901390644753477,0.7344402455467262,6.853161163824044,,10.61,ok,
houston2013,20,51,SOP-SSFCM_r0,0.99,2952.019538660044,29.81837917838431,0.9542234378116072,0.7547695023423179,0.7122146488585563,0.7662703201867129,0.7574023554461374,0.7146084896517197,3.5931092899732344,10.0,12.31,ok,
houston2013,20,51,SOP-SSFCM_r1,0.99,2952.019538660044,29.81837917838431,0.9561435380991146,0.7864077669902912,0.7484599042467825,0.802988283628632,0.7878102335484729,0.749871748478737,5.527501885644616,10.0,12.29,ok,
houston2013,20,51,SOP-SSFCM_r2,0.99,2952.019538660044,29.81837917838431,0.9572709664407004,0.7940118134292892,0.7550979285975192,0.809145456222806,0.7951294164615077,0.756314086442937,7.337966488466154,10.0,12.41,ok,
houston2013,20,51,Softmax,,,,,0.7542942494398805,0.7102516771740733,0.765592339389274,0.7569365892607626,0.7126716012426316,5.516232742236069,,10.73,ok,
houston2013,40,42,SOP-SSFCM_r0,0.99,2742.297587659388,27.69997563292313,0.9432402271637048,0.7770462263497124,0.7277988148497111,0.784880485258928,0.7810233548472952,0.7315571158714311,5.141171067345174,10.0,22.26,ok,
houston2013,40,42,SOP-SSFCM_r1,0.99,2742.297587659388,27.69997563292313,0.9484008576236068,0.8112135283110402,0.770097851081136,0.8209926220212149,0.8136935258500233,0.7723434662133948,12.181519707916916,10.0,24.69,ok,
houston2013,40,42,SOP-SSFCM_r2,0.99,2742.297587659388,27.69997563292313,0.9504466741023452,0.818629149629219,0.7760209588887198,0.8269115012579927,0.8209461707365759,0.778092660917117,15.030072062083804,10.0,24.81,ok,
houston2013,40,42,Softmax,,,,,0.7778778848153025,0.7276190373204848,0.7862136911340232,0.7820214252445272,0.7315152539445625,7.2478346285508675,,19.58,ok,
houston2013,40,43,SOP-SSFCM_r0,0.99,2524.8601263422165,25.50363763982039,0.9456376350439076,0.7829371404809758,0.7376674019836053,0.7919123705060102,0.7858806307804911,0.7404781938379054,36.46901455133972,10.0,22.19,ok,
houston2013,40,43,SOP-SSFCM_r1,0.99,2524.8601263422165,25.50363763982039,0.9473285945432472,0.8139857231963407,0.7740987891793594,0.8213201783280076,0.8160888948033801,0.7762305097291946,48.153248894563006,10.0,22.36,ok,
houston2013,40,43,SOP-SSFCM_r2,0.99,2524.8601263422165,25.50363763982039,0.9483402818136056,0.8152332108947259,0.7768074023651974,0.8212226380477063,0.8173531173065407,0.7788990189792832,48.61180760306643,10.0,22.49,ok,
houston2013,40,43,Softmax,,,,,0.7841153233072286,0.7381194636297002,0.7930968572770538,0.7872113913101337,0.7410400589696431,64.79078422844997,,19.64,ok,
houston2013,40,44,SOP-SSFCM_r0,0.99,3010.0887380554027,30.4049367480344,0.9500008439379476,0.7970753343960081,0.7410553468401468,0.8052190884015804,0.7999201543682214,0.7442739267074567,7.176530653213384,10.0,22.24,ok,
houston2013,40,44,SOP-SSFCM_r1,0.99,3010.0887380554027,30.4049367480344,0.952334068995552,0.8442026474461155,0.7941873716854558,0.8528204339532685,0.8458979306673764,0.7965037639950581,13.049160435379765,10.0,22.16,ok,
houston2013,40,44,SOP-SSFCM_r2,0.99,3010.0887380554027,30.4049367480344,0.9540392197128248,0.8479451105412711,0.7962306249796801,0.8549291236883343,0.8497571362033403,0.7986163923617684,14.227447735451436,10.0,22.28,ok,
houston2013,40,44,Softmax,,,,,0.7977683831173331,0.7408024956483331,0.8059400678296236,0.800718610686007,0.7441709909461137,8.233344780206217,,19.63,ok,
houston2013,40,45,SOP-SSFCM_r0,0.99,2761.3500856083665,27.89242510715524,0.9515580091279944,0.7981842123501283,0.7478690024408469,0.8049516144552384,0.8008516867389713,0.7502956521042279,11.445447151908038,10.0,22.27,ok,
houston2013,40,45,SOP-SSFCM_r1,0.99,2761.3500856083665,27.89242510715524,0.9538680412921396,0.8259061612031325,0.7854018094667069,0.8330987463092799,0.8283318916760929,0.7877298958287763,13.394545454935484,10.0,22.4,ok,
houston2013,40,45,SOP-SSFCM_r2,0.99,2761.3500856083665,27.89242510715524,0.9553158720275438,0.8245893686326149,0.785279938711879,0.8315648790241965,0.8266019029875574,0.7869551778878748,14.278335444884087,10.0,22.52,ok,
houston2013,40,45,Softmax,,,,,0.7976990782452006,0.7466454724989997,0.8051495862830503,0.8003859205535964,0.749118440783544,15.266455652774706,,19.65,ok,
houston2013,40,46,SOP-SSFCM_r0,0.99,2720.245579168212,27.4772280724062,0.9481799260770952,0.7931249566844549,0.740247157105983,0.8041834072662465,0.7963271009381861,0.7431915947077928,6.024062335313708,10.0,22.26,ok,
houston2013,40,46,SOP-SSFCM_r1,0.99,2720.245579168212,27.4772280724062,0.949891043225033,0.8254903319703375,0.7774419380214074,0.83993533678628,0.8281322775966465,0.7801595345845336,8.873725997422781,10.0,22.29,ok,
houston2013,40,46,SOP-SSFCM_r2,0.99,2720.245579168212,27.4772280724062,0.9511982354659484,0.8426779402592002,0.7871424107324853,0.855548323878846,0.8450329363231086,0.7898467055868044,9.033659670868078,10.0,22.41,ok,
houston2013,40,46,Softmax,,,,,0.7953427125926953,0.7408129935477191,0.8066804500568776,0.7985893938385787,0.7437781667489087,6.285164113259804,,19.61,ok,
houston2013,40,47,SOP-SSFCM_r0,0.99,2945.3314306665497,29.75082253198537,0.95043210425681,0.7823827015039158,0.7370668048992782,0.7938727091657601,0.7861467828864196,0.7404551602584856,4.358073142171944,10.0,22.17,ok,
houston2013,40,47,SOP-SSFCM_r1,0.99,2945.3314306665497,29.75082253198537,0.9530451967219108,0.812668930625823,0.7722395663282097,0.8281489830152768,0.8156896666444873,0.7755019189196916,8.330231883135061,10.0,23.29,ok,
houston2013,40,47,SOP-SSFCM_r2,0.99,2945.3314306665497,29.75082253198537,0.9547161556598964,0.8173816619308337,0.7741463419849878,0.8323798615925913,0.8206800186306474,0.7777688906412178,11.5397451512956,10.0,23.41,ok,
houston2013,40,47,Softmax,,,,,0.7825906161203132,0.736649645842122,0.793731731961986,0.7864129349923481,0.7400958568023063,6.166081985120974,,19.6,ok,
houston2013,40,48,SOP-SSFCM_r0,0.99,2740.6060477596293,27.68288937130941,0.9529105913138616,0.8015801510846212,0.7473271325031139,0.8125390305387834,0.8034466697717746,0.7493865237897606,5.88868239310511,10.0,22.23,ok,
houston2013,40,48,SOP-SSFCM_r1,0.99,2740.6060477596293,27.68288937130941,0.9538848105679292,0.8308961119966733,0.7791093428587684,0.8396496841629493,0.8319914831326103,0.7801343421458873,8.29351426041865,10.0,23.44,ok,
houston2013,40,48,SOP-SSFCM_r2,0.99,2740.6060477596293,27.68288937130941,0.9549919062251352,0.8359553676623467,0.7827441233101858,0.8419346065969383,0.8369152970922883,0.783563678619609,8.164818404600183,10.0,23.55,ok,
houston2013,40,48,Softmax,,,,,0.8040058216092592,0.7486493345103692,0.8157848522927486,0.8057755006986492,0.7506500307484352,9.720595507673655,,19.78,ok,
houston2013,40,49,SOP-SSFCM_r0,0.99,2667.278362817256,26.94220568502281,0.9493642672331531,0.7931942615565875,0.7534797598920411,0.801656267797605,0.795262492514472,0.7548299632658176,4.687270881880306,10.0,22.2,ok,
houston2013,40,49,SOP-SSFCM_r1,0.99,2667.278362817256,26.94220568502281,0.9521304069102338,0.8286090512163005,0.7900760584192347,0.8393561459073962,0.8301284183911105,0.7909489334431021,8.152162166892484,10.0,23.27,ok,
houston2013,40,49,SOP-SSFCM_r2,0.99,2667.278362817256,26.94220568502281,0.9533397469544952,0.8358860627902142,0.7903681897834494,0.8450914280631263,0.8375141393306275,0.7918298354260821,9.344366360592106,10.0,23.39,ok,
houston2013,40,49,Softmax,,,,,0.7940952248943101,0.7537241705774131,0.8027631999018429,0.796194024885222,0.7551003410891985,5.9918940848422935,,19.65,ok,
houston2013,40,50,SOP-SSFCM_r0,0.99,2944.475207564985,29.74217381378775,0.9519053424861912,0.8074710652158846,0.7535781061623652,0.8164421363574715,0.8104997005788809,0.7567621423556176,3.2732139384090315,10.0,22.19,ok,
houston2013,40,50,SOP-SSFCM_r1,0.99,2944.475207564985,29.74217381378775,0.9531492850224424,0.834499965347564,0.7870215013214014,0.8423118934821097,0.8367156830128418,0.7894301683242799,8.092553092791551,10.0,23.34,ok,
houston2013,40,50,SOP-SSFCM_r2,0.99,2944.475207564985,29.74217381378775,0.9541400227723654,0.8326287337999861,0.786404594672617,0.8388175147818866,0.8351187703772706,0.7888969894013262,10.67664528893238,10.0,23.51,ok,
houston2013,40,50,Softmax,,,,,0.8080948090650772,0.7536700955699684,0.8173133672922238,0.81109854281722,0.756760033297414,5.911482452584056,,19.79,ok,
houston2013,40,51,SOP-SSFCM_r0,0.99,2839.5968571669177,28.6827965370396,0.9508940157818552,0.8175202716750988,0.7612650638095441,0.8259585519527082,0.8200811763923082,0.763247972621995,5.271765749310302,10.0,22.24,ok,
houston2013,40,51,SOP-SSFCM_r1,0.99,2839.5968571669177,28.6827965370396,0.9524498451813588,0.8509945249151015,0.8006868969741328,0.8599344163935975,0.8526848093685542,0.8023166624666884,8.636239607013133,10.0,23.39,ok,
houston2013,40,51,SOP-SSFCM_r2,0.99,2839.5968571669177,28.6827965370396,0.9538253993136192,0.8588952803382077,0.8037636791792532,0.8664491260153417,0.8604032204404818,0.8055478011448566,9.436473173944352,10.0,23.52,ok,
houston2013,40,51,Softmax,,,,,0.8186984545013515,0.7621346567911318,0.8274500807376819,0.8213453988954688,0.7642285158113389,6.667361449225115,,19.78,ok,
houston2013,60,42,SOP-SSFCM_r0,0.99,2976.0073440959395,30.06068024339336,0.9533180421744474,0.8105315308939062,0.7555099421775984,0.8145982953112871,0.8127619934792734,0.7578998356806383,4.916654483196829,10.0,32.28,ok,
houston2013,60,42,SOP-SSFCM_r1,0.99,2976.0073440959395,30.06068024339336,0.955381745677294,0.8445042111968292,0.8015856899740094,0.8494806696831192,0.8472952292235012,0.8043061395158209,8.484432568627932,10.0,32.6,ok,
houston2013,60,42,SOP-SSFCM_r2,0.99,2976.0073440959395,30.06068024339336,0.9566947298456197,0.8469813858022507,0.8056151617565463,0.8521476216164093,0.8496905981768581,0.8083383602736733,10.28275014746963,10.0,32.72,ok,
houston2013,60,42,Softmax,,,,,0.8120886120744568,0.7558812131626937,0.8160042121545096,0.8142923680883625,0.7583673975254533,7.502443225148532,,28.53,ok,
houston2013,60,43,SOP-SSFCM_r0,0.99,2260.998738667866,22.83837109765523,0.9378466396458764,0.817255290537193,0.7589529681742966,0.8255130015260488,0.8200811763923082,0.7624158497382084,4.809688441883701,10.0,32.2,ok,
houston2013,60,43,SOP-SSFCM_r1,0.99,2260.998738667866,22.83837109765523,0.9400780290114285,0.8532097105244533,0.8017075117644994,0.8645893913772708,0.8549471022689467,0.8042294198925206,5.850825393376605,10.0,32.54,ok,
houston2013,60,43,SOP-SSFCM_r2,0.99,2260.998738667866,22.83837109765523,0.942054730209744,0.8541298039493241,0.8015104496461747,0.865747053503774,0.856078248719143,0.8038830854240576,6.502755451381958,10.0,32.67,ok,
houston2013,60,43,Softmax,,,,,0.8186708188831482,0.7594606898937754,0.8268577291234175,0.8216780890278794,0.763097080660659,6.343330109443507,,28.42,ok,
houston2013,60,44,SOP-SSFCM_r0,0.99,2670.8030068877947,26.977808150381787,0.9430639752788066,0.8077712506192937,0.7539277842099388,0.8195975552096113,0.8124958413733449,0.7587682691004873,4.811458323525726,10.0,32.12,ok,
houston2013,60,44,SOP-SSFCM_r1,0.99,2670.8030068877947,26.977808150381787,0.9459300222410152,0.8406115082454526,0.7944381113765291,0.8548852864079648,0.8441679419788409,0.7980766939322642,7.498197062106846,10.0,32.46,ok,
houston2013,60,44,SOP-SSFCM_r2,0.99,2670.8030068877947,26.977808150381787,0.9480005913528302,0.8494585604076722,0.7993565192701466,0.8627899781755721,0.8524851952891077,0.8028309858480545,7.536371821733826,10.0,32.6,ok,
houston2013,60,44,Softmax,,,,,0.8080543562884847,0.7533630509220197,0.8204042849098373,0.8127619934792734,0.7582922589485007,8.622653242048123,,28.52,ok,
houston2013,60,45,SOP-SSFCM_r0,0.99,2857.8614303656364,28.86728717541049,0.9459757668524392,0.8060726166041475,0.7608756076471989,0.8165195249813808,0.8104997005788809,0.7649555119586863,3.925607943515911,10.0,32.14,ok,
houston2013,60,45,SOP-SSFCM_r1,0.99,2857.8614303656364,28.86728717541049,0.9491938854321076,0.8467690565503574,0.8049377588335278,0.8588220149167789,0.8495575221238938,0.8079786483724836,7.018218471506034,10.0,32.61,ok,
houston2013,60,45,SOP-SSFCM_r2,0.99,2857.8614303656364,28.86728717541049,0.95138699590798,0.8597211409158468,0.8124634147694384,0.8694400862675171,0.8625324372879101,0.8155597616455993,8.678133244660035,10.0,32.73,ok,
houston2013,60,45,Softmax,,,,,0.806497275107934,0.7597598569917159,0.8170108295925531,0.8108989287377736,0.7637975432356865,5.612981887375024,,28.5,ok,
houston2013,60,46,SOP-SSFCM_r0,0.99,2682.08980842221,27.09181624668901,0.9413534830516668,0.800693608889518,0.7511602515572395,0.8072214567789644,0.804644354248453,0.755103334564332,2.947509848948332,10.0,32.06,ok,
houston2013,60,46,SOP-SSFCM_r1,0.99,2682.08980842221,27.09181624668901,0.9437255017121128,0.8235543916766933,0.7816523666633591,0.831616476229801,0.8268680550934859,0.7853007527704887,6.803873188236775,10.0,32.58,ok,
houston2013,60,46,SOP-SSFCM_r2,0.99,2682.08980842221,27.09181624668901,0.9454454923191812,0.8245452615188619,0.7822729887499806,0.8317191151582743,0.8275334353583073,0.785683492345165,9.401932602760334,10.0,32.7,ok,
houston2013,60,46,Softmax,,,,,0.8018968079835799,0.7513575273347277,0.808254611382802,0.8057089626721672,0.7552317889486189,5.041689550418747,,28.44,ok,
houston2013,60,47,SOP-SSFCM_r0,0.99,2589.7173589178005,26.158761201189925,0.941192310626373,0.8045155354235969,0.7503474368313928,0.812883012028036,0.8084370217579346,0.7549749254285069,6.574625172274944,10.0,32.05,ok,
houston2013,60,47,SOP-SSFCM_r1,0.99,2589.7173589178005,26.158761201189925,0.944250127799593,0.8331799844291882,0.7859296491753316,0.8393483354417622,0.835784150642092,0.7890868075040063,8.744923759133316,10.0,32.48,ok,
houston2013,60,47,SOP-SSFCM_r2,0.99,2589.7173589178005,26.158761201189925,0.946175853805522,0.8396914148205817,0.7918426563184625,0.842819232981401,0.8418391110519662,0.7945289338028906,7.483624729204529,10.0,32.6,ok,
houston2013,60,47,Softmax,,,,,0.8056479581003609,0.7508077140319462,0.8142210458328977,0.8093685541286846,0.7552853489498231,8.567930261220567,,28.65,ok,
houston2013,60,48,SOP-SSFCM_r0,0.99,2982.702320175635,30.12830626440038,0.9487258976544168,0.8102484252247151,0.7516521425437906,0.8188075534538863,0.8136935258500233,0.7556362646769207,4.838373024042838,10.0,32.09,ok,
houston2013,60,48,SOP-SSFCM_r1,0.99,2982.702320175635,30.12830626440038,0.9504805502447632,0.839054427064902,0.7892793797885508,0.848407039734682,0.8415729589460377,0.7922476978631113,9.104380381504404,10.0,32.57,ok,
houston2013,60,48,SOP-SSFCM_r2,0.99,2982.702320175635,30.12830626440038,0.9519865346382536,0.8440087762757449,0.795637221774315,0.8525542097807149,0.84569831658793,0.7976354881731739,9.732206959470814,10.0,32.68,ok,
houston2013,60,48,Softmax,,,,,0.8106023073112039,0.7512073030013702,0.8195134016523385,0.8143589061148446,0.7554491735903082,8.487758004284528,,28.51,ok,
houston2013,60,49,SOP-SSFCM_r0,0.99,2793.2686997173582,28.21483535068041,0.9500921229149012,0.8129379290820299,0.7614216455653302,0.821098944519758,0.8156231286180052,0.7646085498471412,7.84644614837612,10.0,32.04,ok,
houston2013,60,49,SOP-SSFCM_r1,0.99,2793.2686997173582,28.21483535068041,0.9523701909952264,0.8438672234411494,0.8019711121590144,0.8508906179727784,0.84569831658793,0.8040593620513118,9.019077737264984,10.0,32.57,ok,
houston2013,60,49,SOP-SSFCM_r2,0.99,2793.2686997173582,28.21483535068041,0.9539566690827866,0.8478307028098238,0.8072807814304268,0.852882232009143,0.8498902122563045,0.8096665652307876,12.31240599622101,10.0,32.7,ok,
houston2013,60,49,Softmax,,,,,0.8139287989241984,0.7612734638828694,0.8218874111589421,0.8165546609887551,0.7645212356675202,10.794889691837302,,28.44,ok,
houston2013,60,50,SOP-SSFCM_r0,0.99,2986.748255780242,30.16917430081055,0.946810510837129,0.8068511571944228,0.7539564123164124,0.8168687365397169,0.8101670104464701,0.7570438346190835,6.684151148895488,10.0,32.05,ok,
houston2013,60,50,SOP-SSFCM_r1,0.99,2986.748255780242,30.16917430081055,0.9499466694977458,0.8420978130087055,0.7945132142614281,0.8505388203632408,0.8444340940847694,0.7969853990694993,8.82710100159764,10.0,32.53,ok,
houston2013,60,50,SOP-SSFCM_r2,0.99,2986.748255780242,30.16917430081055,0.9519266662128,0.8462028452119754,0.798082320435023,0.853545543733944,0.8487590658061082,0.8004835349874013,8.681670625973606,10.0,32.65,ok,
houston2013,60,50,Softmax,,,,,0.8070634864463161,0.753560497201374,0.8170136948402321,0.8103666245259166,0.7567299095685923,11.350133947743103,,28.43,ok,
houston2013,60,51,SOP-SSFCM_r0,0.99,2628.968158161624,26.5552339208245,0.9450721150889528,0.8060726166041475,0.7476628905736038,0.8176249063691307,0.8106993146583272,0.7522004719044758,9.316584028555704,10.0,32.05,ok,
houston2013,60,51,SOP-SSFCM_r1,0.99,2628.968158161624,26.5552339208245,0.9467779415562528,0.838771321395711,0.7874008828770578,0.8556891935899308,0.8423048772373412,0.791283888415513,7.60127071676362,10.0,32.63,ok,
houston2013,60,51,SOP-SSFCM_r2,0.99,2628.968158161624,26.5552339208245,0.9482285312298676,0.8462028452119754,0.7910620264513193,0.8626544615152024,0.8489586798855546,0.7943601920184331,6.267292065673711,10.0,32.75,ok,
houston2013,60,51,Softmax,,,,,0.8056479581003609,0.7475152286117112,0.8169856705729989,0.8103000864994344,0.7519374601008705,15.377511368807337,,28.62,ok,
whuhi_longkou,5,42,SOP-SSFCM_r0,0.99,8921.920811848682,90.12041224089586,0.9577472203606018,0.8786974870046993,0.7557182942790346,0.7431066388426744,0.8787241740082722,0.7557645798143048,1.8026195185781528,5.0,3.63,ok,
whuhi_longkou,5,42,SOP-SSFCM_r1,0.99,8921.920811848682,90.12041224089586,0.957296299242042,0.9198912453483424,0.8242950057849372,0.8102636274080521,0.9199088695720194,0.8243300856837408,3.5170001889608646,5.0,3.6,ok,
whuhi_longkou,5,42,SOP-SSFCM_r2,0.99,8921.920811848682,90.12041224089586,0.9568100210161116,0.9292703560443428,0.84372733985122,0.8267851622027284,0.9292810278573592,0.8437526785705713,3.2155798545886567,5.0,3.62,ok,
whuhi_longkou,5,42,Softmax,,,,,0.8788588585651623,0.7558159886516193,0.7433999758707968,0.8788855100663923,0.755862325644385,3.325781410809073,,3.23,ok,
whuhi_longkou,5,43,SOP-SSFCM_r0,0.99,12372.603212609409,124.97579002635776,0.9770008778586114,0.8440074915524434,0.7377277075314311,0.667629864814386,0.8440418104839104,0.7377592899504357,0.4945112184343393,5.0,3.59,ok,
whuhi_longkou,5,43,SOP-SSFCM_r1,0.99,12372.603212609409,124.97579002635776,0.9767894178142914,0.8710445630009243,0.7917859904757022,0.7057178600416562,0.8710533777903805,0.791796836513288,0.6146949419382709,5.0,3.61,ok,
whuhi_longkou,5,43,SOP-SSFCM_r2,0.99,12372.603212609409,124.97579002635776,0.976935899452622,0.8767756984210038,0.8062482482788048,0.7137290482478293,0.8767685854249982,0.8062461360185252,0.6561716612228162,5.0,3.62,ok,
whuhi_longkou,5,43,Softmax,,,,,0.8440270517415903,0.7375668346192173,0.6676591576810359,0.8440613663697432,0.7375985062333795,0.6286717153373699,,3.24,ok,
whuhi_longkou,5,44,SOP-SSFCM_r0,0.99,7758.209927778535,78.36575684624789,0.9605466462667732,0.8719932321745552,0.753390911222495,0.7135080120901297,0.8720213941391011,0.7534309970120023,5.136692651329628,5.0,3.62,ok,
whuhi_longkou,5,44,SOP-SSFCM_r1,0.99,7758.209927778535,78.36575684624789,0.9589767923434456,0.9114167934003922,0.824500127161941,0.7731957392374225,0.9114265040920692,0.8245216707441891,3.149884314564122,5.0,3.61,ok,
whuhi_longkou,5,44,SOP-SSFCM_r2,0.99,7758.209927778535,78.36575684624789,0.9586254348180137,0.9199939363413644,0.8448259528527311,0.785084513547728,0.9200017600297248,0.844839437613871,4.098280592135164,5.0,3.63,ok,
whuhi_longkou,5,44,Softmax,,,,,0.8723550956737751,0.7537994662006255,0.7139073264231829,0.8723831780270067,0.7538395283460003,7.935700637527341,,3.25,ok,
whuhi_longkou,5,45,SOP-SSFCM_r0,0.99,10461.648495013747,105.67321712135109,0.97837928318576,0.7995765219049669,0.7420978960124991,0.6969006653049343,0.7996206158148449,0.7421370296164482,3.3314574638970065,5.0,3.68,ok,
whuhi_longkou,5,45,SOP-SSFCM_r1,0.99,10461.648495013747,105.67321712135109,0.9783849557531942,0.8378900423967099,0.7889772782095329,0.7429311465133833,0.8379110402753469,0.7889866032379665,7.900071394015204,5.0,3.63,ok,
whuhi_longkou,5,45,SOP-SSFCM_r2,0.99,10461.648495013747,105.67321712135109,0.9782889929691522,0.8523107918453572,0.8011044239414308,0.7481274251989478,0.8523286171055333,0.8011127086969437,6.861887646933781,5.0,3.64,ok,
whuhi_longkou,5,45,Softmax,,,,,0.7996156422832609,0.7420296245329273,0.6968422314339073,0.7996597275865104,0.7420687852189107,8.433142991166115,,3.24,ok,
whuhi_longkou,5,46,SOP-SSFCM_r0,0.99,9384.948454727755,94.7974591386643,0.972241579570396,0.8531225396949589,0.7182796183248666,0.7148276751929203,0.8531548532819665,0.718333523619907,2.5935426655383176,5.0,3.64,ok,
whuhi_longkou,5,46,SOP-SSFCM_r1,0.99,9384.948454727755,94.7974591386643,0.9709579788371862,0.9024533367237662,0.7964531574221162,0.7931623916244459,0.9024650194092166,0.7964800468071841,2.5532904282526334,5.0,3.63,ok,
whuhi_longkou,5,46,SOP-SSFCM_r2,0.99,9384.948454727755,94.7974591386643,0.9700277571869312,0.9105268047942024,0.814051038656223,0.8030187827635967,0.9105367112866796,0.8140724340077307,3.091314156074659,5.0,3.65,ok,
whuhi_longkou,5,46,Softmax,,,,,0.8531420998841058,0.7180118937127574,0.7148568536255084,0.8531744091677993,0.7180659594108567,3.493199920451884,,3.21,ok,
whuhi_longkou,5,47,SOP-SSFCM_r0,0.99,8779.193333527755,88.67872054068448,0.9695560827020188,0.817361623886903,0.7226810029270654,0.6765131562106513,0.8174018050082623,0.7227192261396996,0.6323895698756407,5.0,3.61,ok,
whuhi_longkou,5,47,SOP-SSFCM_r1,0.99,8779.193333527755,88.67872054068448,0.9685887954663556,0.8514012430500203,0.7799966788618068,0.729674250335146,0.8514339353286855,0.7800279140416868,0.6780988384263444,5.0,3.61,ok,
whuhi_longkou,5,47,SOP-SSFCM_r2,0.99,8779.193333527755,88.67872054068448,0.9690730616380998,0.8577094040499371,0.7939024914387746,0.738295572530268,0.8577358195382855,0.7939283670565385,0.7376390852845874,5.0,3.62,ok,
whuhi_longkou,5,47,Softmax,,,,,0.8174349745962044,0.7225756895761374,0.6765315788000136,0.8174751395801352,0.7226139634005395,0.7155890606048877,,3.25,ok,
whuhi_longkou,5,48,SOP-SSFCM_r0,0.99,9204.933742304593,92.97912871014748,0.964881288660005,0.860755903509587,0.744188553892153,0.7144607069461664,0.8607865377281927,0.7442304123846011,5.997069209565414,5.0,3.6,ok,
whuhi_longkou,5,48,SOP-SSFCM_r1,0.99,9204.933742304593,92.97912871014748,0.9617890573242834,0.9104045536120334,0.8156743598662545,0.798938359657544,0.9104193759716832,0.8156954648053144,3.0043647050086304,5.0,3.61,ok,
whuhi_longkou,5,48,SOP-SSFCM_r2,0.99,9204.933742304593,92.97912871014748,0.9611953317616772,0.9201259676181068,0.8334046974817096,0.818894152989954,0.920133762259096,0.8334185553871413,3.413298224618221,5.0,3.63,ok,
whuhi_longkou,5,48,Softmax,,,,,0.8609074949754764,0.7442102256797155,0.7145797661670346,0.8609380958433964,0.7442521070258978,6.585506628046823,,3.21,ok,
whuhi_longkou,5,49,SOP-SSFCM_r0,0.99,9620.298434808354,97.17473166473091,0.9626470465531914,0.8670493943676435,0.7443454213261493,0.6940053332834005,0.8670786439948763,0.7443817660091648,0.8123929361387187,5.0,3.61,ok,
whuhi_longkou,5,49,SOP-SSFCM_r1,0.99,9620.298434808354,97.17473166473091,0.9588283226578656,0.9080671110089634,0.8133487043757573,0.7798025940979664,0.9080775586432126,0.8133695151782406,1.021954545679124,5.0,3.59,ok,
whuhi_longkou,5,49,SOP-SSFCM_r2,0.99,9620.298434808354,97.17473166473091,0.958346331137606,0.916536672909627,0.833109455076517,0.8012720808569269,0.916535479265872,0.8331203374329563,1.0276939270872985,5.0,3.61,ok,
whuhi_longkou,5,49,Softmax,,,,,0.8672205460226801,0.7445115536395942,0.6941058524072304,0.8672497579959129,0.7445478941635724,1.1237040964338016,,3.19,ok,
whuhi_longkou,5,50,SOP-SSFCM_r0,0.99,9140.979372155867,92.33312497127147,0.972213323269142,0.8520467292918723,0.7362993105698887,0.6952532441230654,0.8520792795611659,0.7363405433492004,2.806565273238654,5.0,3.61,ok,
whuhi_longkou,5,50,SOP-SSFCM_r1,0.99,9140.979372155867,92.33312497127147,0.9712870090801716,0.8950742553680494,0.8042074339107768,0.76641152476815,0.8950875614788161,0.8042338168361048,3.288226587793873,5.0,3.62,ok,
whuhi_longkou,5,50,SOP-SSFCM_r2,0.99,9140.979372155867,92.33312497127147,0.9713513651176164,0.9060084011012388,0.8282093355278278,0.7863233874889519,0.9060144126878588,0.8282206065880959,3.732597345159204,5.0,3.64,ok,
whuhi_longkou,5,50,Softmax,,,,,0.8522863416089234,0.7362815999232614,0.6953884743334028,0.852318839162617,0.736322883076146,4.217398853247006,,3.2,ok,
whuhi_longkou,5,51,SOP-SSFCM_r0,0.99,11754.43773049159,118.73169424738992,0.9711482195225394,0.8024812099933006,0.6787122567237396,0.6446334126301426,0.8025246648610065,0.6787606122798983,1.0362739621234986,5.0,3.62,ok,
whuhi_longkou,5,51,SOP-SSFCM_r1,0.99,11754.43773049159,118.73169424738992,0.9724332724027084,0.8347995325114794,0.7288662643343664,0.7009553661526586,0.8348309882566906,0.7289092016516757,0.994326394866906,5.0,3.62,ok,
whuhi_longkou,5,51,SOP-SSFCM_r2,0.99,11754.43773049159,118.73169424738992,0.9723113867400994,0.8438901304175611,0.7438259363783746,0.7189454521957337,0.8439146972259975,0.7438620853853999,1.0075453608342189,5.0,3.64,ok,
whuhi_longkou,5,51,Softmax,,,,,0.8024274194731463,0.678538158857434,0.6447167105775918,0.8024708861749665,0.678586591304869,1.1706318466038157,,3.23,ok,
whuhi_longkou,10,42,SOP-SSFCM_r0,0.99,10320.749425837814,104.24999420038203,0.9605827982227744,0.8749046230900163,0.7695012630975475,0.7466875524391995,0.8749596659854699,0.769581580996725,0.9191501530460514,5.0,5.79,ok,
whuhi_longkou,10,42,SOP-SSFCM_r1,0.99,10320.749425837814,104.24999420038203,0.9566080106404402,0.9146596756206836,0.8341973133033038,0.8226656818140967,0.9146874480546784,0.8342343810906886,0.9694383890597068,5.0,5.78,ok,
whuhi_longkou,10,42,SOP-SSFCM_r2,0.99,10320.749425837814,104.24999420038203,0.9558807205067664,0.9226713360593196,0.851707008716033,0.842477751419776,0.9226955833031848,0.8517441921407323,1.033882873443908,5.0,5.8,ok,
whuhi_longkou,10,42,Softmax,,,,,0.8751100502807505,0.7696199340468082,0.7470827678578524,0.8751650027867137,0.7697003307414919,1.1375379352326378,,5.12,ok,
whuhi_longkou,10,43,SOP-SSFCM_r0,0.99,8785.218860485407,88.73958444934763,0.9620089201578288,0.8705857609610079,0.7555238671389417,0.7290042891734163,0.8706329262449766,0.7555868814629116,0.7726049623008171,5.0,5.73,ok,
whuhi_longkou,10,43,SOP-SSFCM_r1,0.99,8785.218860485407,88.73958444934763,0.9619074334199568,0.9088930409093576,0.8194479253492665,0.7893583539899561,0.9089135727625622,0.8194685614843333,0.7471312478780077,5.0,5.77,ok,
whuhi_longkou,10,43,SOP-SSFCM_r2,0.99,8785.218860485407,88.73958444934763,0.9620584349728636,0.9180003130319097,0.8369402737282293,0.801218744949229,0.918016837617702,0.8369521425866296,0.7461981572302085,5.0,5.79,ok,
whuhi_longkou,10,43,Softmax,,,,,0.8706444544440749,0.7553206715146621,0.7289490458325766,0.870696482873933,0.7553940061990643,1.2387917329692062,,5.13,ok,
whuhi_longkou,10,44,SOP-SSFCM_r0,0.99,8328.282178272359,84.12406240679157,0.9597771707529296,0.8599671316494826,0.7617392488295873,0.7248076965295345,0.8600287471521741,0.7618151526367257,3.841194475988368,5.0,5.75,ok,
whuhi_longkou,10,44,SOP-SSFCM_r1,0.99,8328.282178272359,84.12406240679157,0.9585240672319102,0.8901404730694735,0.8078098196567823,0.7767356696145349,0.8901643672204241,0.8078401957196455,1.6481317156451838,5.0,5.74,ok,
whuhi_longkou,10,44,SOP-SSFCM_r2,0.99,8328.282178272359,84.12406240679157,0.9581190800289228,0.8983233228337214,0.8188059187241561,0.7875245570006778,0.8983289495555925,0.8188115270019116,2.150126587422308,5.0,5.75,ok,
whuhi_longkou,10,44,Softmax,,,,,0.8600502807504941,0.7615977917917037,0.7248643321436995,0.8601118596669632,0.7616738412045923,4.825176227947762,,5.1,ok,
whuhi_longkou,10,45,SOP-SSFCM_r0,0.99,9090.46405446908,91.82286923706152,0.9655756754762216,0.8556678340148299,0.7581286277044849,0.7328928651700944,0.8557313412404298,0.7582099314931041,1.1375708823863675,5.0,5.73,ok,
whuhi_longkou,10,45,SOP-SSFCM_r1,0.99,9090.46405446908,91.82286923706152,0.9642945662551744,0.8894801713849706,0.8145362694535321,0.7967195279312438,0.889499467102111,0.8145414151165998,2.915559997929241,5.0,5.73,ok,
whuhi_longkou,10,45,SOP-SSFCM_r2,0.99,9090.46405446908,91.82286923706152,0.9645016064753278,0.8942979281200477,0.8243691458561878,0.8045647310501418,0.8943199929598811,0.8243874202207039,2.753216688494844,5.0,5.75,ok,
whuhi_longkou,10,45,Softmax,,,,,0.8556482695204742,0.7580051464467417,0.7328145782311402,0.8557117853545971,0.7580865091930331,1.5578956509724136,,5.15,ok,
whuhi_longkou,10,46,SOP-SSFCM_r0,0.99,10286.38047511206,103.9028330819401,0.96193080279044,0.8737062978107331,0.7566025388833983,0.7476606939798476,0.8737618679782148,0.7566940453322594,3.694430865351215,5.0,5.78,ok,
whuhi_longkou,10,46,SOP-SSFCM_r1,0.99,10286.38047511206,103.9028330819401,0.9606476446787284,0.9247451724610176,0.8348290168559458,0.8349687799469415,0.9247587292585386,0.8348685811187924,2.2676140621546628,5.0,5.8,ok,
whuhi_longkou,10,46,SOP-SSFCM_r2,0.99,10286.38047511206,103.9028330819401,0.9598492216899632,0.937731105589576,0.8600525472802453,0.8581787772804128,0.9377340595085606,0.8600773660819457,2.8663153046987624,5.0,5.82,ok,
whuhi_longkou,10,46,Softmax,,,,,0.8738187936532781,0.7564075129486262,0.7477611189205826,0.873874314321753,0.7564992238784007,5.508672518849084,,5.15,ok,
whuhi_longkou,10,47,SOP-SSFCM_r0,0.99,8301.562438313076,83.8541660435665,0.96388901467315,0.8424715825719484,0.7520242524668359,0.7087157856538867,0.8425408962462477,0.7521010330641462,1.4753211930667556,5.0,5.79,ok,
whuhi_longkou,10,47,SOP-SSFCM_r1,0.99,8301.562438313076,83.8541660435665,0.9629139634875322,0.8655479036644298,0.8011088991882027,0.754740682884472,0.8655923966715883,0.8011528496585526,0.998414927452094,5.0,5.78,ok,
whuhi_longkou,10,47,SOP-SSFCM_r2,0.99,8301.562438313076,83.8541660435665,0.9629850710533312,0.8701700154559505,0.8150837731271182,0.763018264628656,0.8702124746995727,0.8151161807792343,1.2558259545653383,5.0,5.79,ok,
whuhi_longkou,10,47,Softmax,,,,,0.8424960381898929,0.7517108166143083,0.7088169764125104,0.8425653411035386,0.7517878507797082,1.2840772761610368,,5.18,ok,
whuhi_longkou,10,48,SOP-SSFCM_r0,0.99,10598.586877976642,107.05643311087526,0.9694655207762936,0.8609844853559759,0.7560734504830097,0.7357485958368548,0.8610456532154765,0.7561572949816235,7.477624005742313,5.0,5.77,ok,
whuhi_longkou,10,48,SOP-SSFCM_r1,0.99,10598.586877976642,107.05643311087526,0.9683841889023272,0.9168655723592825,0.8328657941711949,0.8195929630090784,0.9168777072679448,0.8328858624996118,5.475728648496551,5.0,5.79,ok,
whuhi_longkou,10,48,SOP-SSFCM_r2,0.99,10598.586877976642,107.05643311087526,0.9677396799679584,0.9309568994189346,0.8539163410926899,0.843468209208494,0.9309628340389748,0.8539414024227425,5.996120666752217,5.0,5.81,ok,
whuhi_longkou,10,48,Softmax,,,,,0.8613170817600219,0.7562113558852771,0.7362594748923214,0.861378103274633,0.7562953343913696,11.31619363600688,,5.24,ok,
whuhi_longkou,10,49,SOP-SSFCM_r0,0.99,8971.81622006721,90.62440626330525,0.9652079338879213,0.8626181206346722,0.7600112160240399,0.7214107696860353,0.8626785696825102,0.7600896680949584,0.9241118803117846,5.0,5.78,ok,
whuhi_longkou,10,49,SOP-SSFCM_r1,0.99,8971.81622006721,90.62440626330525,0.966028321946226,0.8962250308140786,0.8169719354835939,0.7730380966535528,0.8962462477144059,0.8169895098560236,0.8472487598722833,5.0,5.77,ok,
whuhi_longkou,10,49,SOP-SSFCM_r2,0.99,8971.81622006721,90.62440626330525,0.9665002400556896,0.9066235595641032,0.8328853318497683,0.7846428267386787,0.906635312063048,0.8328905552775667,0.91515066581436,5.0,5.79,ok,
whuhi_longkou,10,49,Softmax,,,,,0.8628039833310508,0.759985223682686,0.7214310190252241,0.8628643505979212,0.760063714636234,1.557829100543788,,5.19,ok,
whuhi_longkou,10,50,SOP-SSFCM_r0,0.99,8234.890662809039,83.18071376574794,0.9637571389279238,0.8741073699450238,0.775643027584651,0.7561020473821373,0.8741627636377859,0.775723436878092,3.806918598492452,5.0,5.77,ok,
whuhi_longkou,10,50,SOP-SSFCM_r1,0.99,8234.890662809039,83.18071376574794,0.9633672990616928,0.9221430947117172,0.8343738293299673,0.8398130170422197,0.9221529074713262,0.8343946766028923,2.3939804224760155,5.0,5.77,ok,
whuhi_longkou,10,50,SOP-SSFCM_r2,0.99,8234.890662809039,83.18071376574794,0.9629267192934988,0.9347866491890516,0.852278230302982,0.8595182611953042,0.9347957876621916,0.8523080084594978,2.5731024737948687,5.0,5.79,ok,
whuhi_longkou,10,50,Softmax,,,,,0.8742345391583355,0.7756240877290781,0.7564458699510276,0.8742898768956987,0.7757046788111392,4.038607385627372,,5.16,ok,
whuhi_longkou,10,51,SOP-SSFCM_r0,0.99,9101.026889791094,91.92956454334448,0.9654112380419266,0.8582552383933637,0.75826976282043,0.7395527878381896,0.8583127181703514,0.7583503759107196,1.6071224519997367,5.0,5.77,ok,
whuhi_longkou,10,51,SOP-SSFCM_r1,0.99,9101.026889791094,91.92956454334448,0.9659803527210518,0.8991352493494805,0.8145324220291078,0.7956626962374722,0.8991551857320257,0.8145543107744394,3.7896941326327656,5.0,5.82,ok,
whuhi_longkou,10,51,SOP-SSFCM_r2,0.99,9101.026889791094,91.92956454334448,0.9668304051925112,0.910135386300941,0.8283885101170873,0.8052275776315343,0.9101504825414828,0.828406113745177,3.806593041798444,5.0,5.83,ok,
whuhi_longkou,10,51,Softmax,,,,,0.8583677342359086,0.7581050923691741,0.7395531436144906,0.8584300534853477,0.7581916901604556,2.9139040727841925,,5.14,ok,
whuhi_longkou,20,42,SOP-SSFCM_r0,0.99,8167.358886118043,82.49857460725303,0.9589501545476076,0.8917068730977383,0.7907051515312556,0.7770415843817383,0.8917923947159997,0.7908498982160941,4.995958069100472,5.0,7.98,ok,
whuhi_longkou,20,42,SOP-SSFCM_r1,0.99,8167.358886118043,82.49857460725303,0.9548875268225898,0.9233712725457768,0.8498511419684387,0.837437256261405,0.9234093731360796,0.8499235863109589,12.087399054893275,5.0,7.84,ok,
whuhi_longkou,20,42,SOP-SSFCM_r2,0.99,8167.358886118043,82.49857460725303,0.954290144663654,0.9284113484894452,0.8615765011932447,0.8458850391745225,0.9284450137380098,0.8616393955970558,12.559823175331084,5.0,7.85,ok,
whuhi_longkou,20,42,Softmax,,,,,0.8917949520948122,0.7906695309708827,0.7769784142128873,0.891880396202247,0.7908142750044934,5.110102064660098,,6.96,ok,
whuhi_longkou,20,43,SOP-SSFCM_r0,0.99,12555.572331735477,126.82396294682307,0.9678144192166775,0.9063573462776836,0.7996731469395608,0.8081076364208102,0.9064250862903462,0.799812973236196,6.778583415377447,5.0,7.88,ok,
whuhi_longkou,20,43,SOP-SSFCM_r1,0.99,12555.572331735477,126.82396294682307,0.9665520833719936,0.942543134242178,0.8672445206868912,0.87564786178786,0.9425496963948724,0.8672880801019247,15.527829339847756,5.0,7.81,ok,
whuhi_longkou,20,43,SOP-SSFCM_r2,0.99,12555.572331735477,126.82396294682307,0.9664124733464932,0.9473532261379316,0.8790613949550876,0.8855164155236374,0.9473457773953516,0.8790782666673919,17.439173023266438,5.0,7.82,ok,
whuhi_longkou,20,43,Softmax,,,,,0.9064845714956792,0.7995758165456152,0.8083947214284246,0.906552199548259,0.7997160316475502,8.678347905930467,,6.97,ok,
whuhi_longkou,20,44,SOP-SSFCM_r0,0.99,8349.374947198807,84.3371206787759,0.9620966534638394,0.8954453371957605,0.807092227397792,0.7947315708811032,0.8955324578815109,0.8072278162749771,6.389135992193215,5.0,7.89,ok,
whuhi_longkou,20,44,SOP-SSFCM_r1,0.99,8349.374947198807,84.3371206787759,0.9591683503318752,0.9329327370059012,0.866241183225561,0.8560978166892059,0.9329624233653724,0.8662756797035496,6.819355579672169,5.0,7.79,ok,
whuhi_longkou,20,44,SOP-SSFCM_r2,0.99,8349.374947198807,84.3371206787759,0.9584321428749,0.9424208023017978,0.8793190434053452,0.8687665191441492,0.942432361079876,0.8793289939567849,7.302863423160442,5.0,7.8,ok,
whuhi_longkou,20,44,Softmax,,,,,0.8957585069631341,0.8073173880854485,0.7951640256783077,0.8958453520548347,0.8074530307505516,7.494064946741528,,6.99,ok,
whuhi_longkou,20,45,SOP-SSFCM_r0,0.99,8193.23765110853,82.7599762738236,0.9488047314997616,0.8893336334543605,0.7773855236857666,0.7669757983125189,0.8894261325302383,0.7775490864793775,1.1783468767801888,5.0,7.9,ok,
whuhi_longkou,20,45,SOP-SSFCM_r1,0.99,8193.23765110853,82.7599762738236,0.9439064430486924,0.9293802174572572,0.8454292631890179,0.838501833798225,0.929427697001105,0.8455182652857246,1.2310979594095373,5.0,7.8,ok,
whuhi_longkou,20,45,SOP-SSFCM_r2,0.99,8193.23765110853,82.7599762738236,0.9427916041499416,0.938369168436402,0.8646366785703528,0.8548269081542758,0.9384136265412484,0.8647262091045476,1.0753517535514872,5.0,7.81,ok,
whuhi_longkou,20,45,Softmax,,,,,0.8894314990066646,0.7773701050959695,0.7668153773308768,0.889523911959402,0.7775336118964675,1.3285891208978808,,6.95,ok,
whuhi_longkou,20,46,SOP-SSFCM_r0,0.99,9023.948825232932,91.15099823467617,0.963338881263206,0.8899795460995684,0.7894447221315487,0.776851435557782,0.8900568098483441,0.7895544289075384,6.283547245503447,5.0,7.9,ok,
whuhi_longkou,20,46,SOP-SSFCM_r1,0.99,9023.948825232932,91.15099823467617,0.9608382648501804,0.927163562697566,0.8548855049536388,0.8379090042005255,0.9271738811588818,0.8548781382204017,9.37164481768493,5.0,7.81,ok,
whuhi_longkou,20,46,SOP-SSFCM_r2,0.99,9023.948825232932,91.15099823467617,0.959982409658482,0.9337694874781026,0.8669686895425508,0.8495536926966164,0.9337788815988892,0.8669503927305963,10.417119730244556,5.0,7.82,ok,
whuhi_longkou,20,46,Softmax,,,,,0.8898033881054208,0.7887899125017976,0.7763470970377819,0.8898808068758495,0.7889001497491573,8.02472213065743,,6.96,ok,
whuhi_longkou,20,47,SOP-SSFCM_r0,0.99,8565.408619013842,86.51927897993788,0.948159921351355,0.8987482995860288,0.7918803731349574,0.7694831272578028,0.8988276246443273,0.7920164823942603,2.2213703475947795,5.0,7.91,ok,
whuhi_longkou,20,47,SOP-SSFCM_r1,0.99,8565.408619013842,86.51927897993788,0.9390698609947136,0.9394946222879008,0.8600639916038346,0.8546509549990372,0.939518534090798,0.860118093838998,1.85063936864688,5.0,7.81,ok,
whuhi_longkou,20,47,SOP-SSFCM_r2,0.99,8565.408619013842,86.51927897993788,0.9363502558051072,0.9481361505563656,0.8792828108234094,0.8774238782763285,0.9481475687144938,0.8793164395239925,2.0088420177098207,5.0,7.82,ok,
whuhi_longkou,20,47,Softmax,,,,,0.8988461651383329,0.7919784138759335,0.7696063934094028,0.898925404073491,0.7921145313575351,2.8200263832677046,,6.98,ok,
whuhi_longkou,20,48,SOP-SSFCM_r0,0.99,9762.094674509484,98.6070169142373,0.9575466212791084,0.8734011215392294,0.7711459538960411,0.7596542028494706,0.8735076414623891,0.7713017038722639,2.8315980116090302,5.0,7.94,ok,
whuhi_longkou,20,48,SOP-SSFCM_r1,0.99,9762.094674509484,98.6070169142373,0.95474895270127,0.9068662471496658,0.829007296457967,0.8273744529192671,0.9069188724076228,0.8290815417965377,12.9663882662753,5.0,7.77,ok,
whuhi_longkou,20,48,SOP-SSFCM_r2,0.99,9762.094674509484,98.6070169142373,0.9541640647194994,0.9112457306152808,0.8404024950734382,0.8362611291040979,0.9112749459768654,0.8404256698075839,13.426097315871528,5.0,7.79,ok,
whuhi_longkou,20,48,Softmax,,,,,0.8734060148168447,0.7709991839184024,0.7597176640439174,0.8735125304338474,0.7711551742823771,3.674016203407819,,6.94,ok,
whuhi_longkou,20,49,SOP-SSFCM_r0,0.99,9484.274563879704,95.80075317050216,0.9628273984732036,0.8473737779039155,0.7645207701203038,0.7411002105543082,0.8475032022763052,0.7646733959772161,3.656570636324015,5.0,7.91,ok,
whuhi_longkou,20,49,SOP-SSFCM_r1,0.99,9484.274563879704,95.80075317050216,0.9625658693998562,0.8891085426840606,0.8243990159819311,0.8012779869490166,0.8891572391000382,0.8244332188956839,11.94436698969692,5.0,7.78,ok,
whuhi_longkou,20,49,SOP-SSFCM_r2,0.99,9484.274563879704,95.80075317050216,0.962896484324221,0.9015864006028518,0.8393799730947386,0.8141589943226532,0.9016192273469508,0.8394037742942752,7.702786778210957,5.0,7.8,ok,
whuhi_longkou,20,49,Softmax,,,,,0.847750560280287,0.764521120310947,0.7414504762786738,0.8478796530785854,0.764675438557704,4.971358203604803,,6.95,ok,
whuhi_longkou,20,50,SOP-SSFCM_r0,0.99,8709.162949888281,87.97134292816453,0.9552069209088122,0.8805795598007458,0.7854601959114422,0.7676955315105295,0.8806748736200878,0.7855955944883884,1.0284163964784472,5.0,7.94,ok,
whuhi_longkou,20,50,SOP-SSFCM_r1,0.99,8709.162949888281,87.97134292816453,0.955825612391078,0.9191239075757724,0.8427950899065193,0.8364301845341602,0.9191461900245428,0.8428317683821764,1.9847906027284123,5.0,7.77,ok,
whuhi_longkou,20,50,SOP-SSFCM_r2,0.99,8709.162949888281,87.97134292816453,0.9555443389561196,0.9292578855168768,0.8597696289593836,0.8555003010262213,0.929271249914443,0.8597916731507024,2.797431256845645,5.0,7.79,ok,
whuhi_longkou,20,50,Softmax,,,,,0.8806284925768979,0.7854127584585895,0.7677674451648971,0.8807237633346696,0.7855483133260636,1.598039111640916,,7.0,ok,
whuhi_longkou,20,51,SOP-SSFCM_r0,0.99,7222.136059324589,72.95086928610702,0.9554917745954769,0.8559321204529218,0.7557195788669049,0.7511833025816228,0.8560393464422955,0.7558676608416374,1.849074780448716,5.0,7.9,ok,
whuhi_longkou,20,51,SOP-SSFCM_r1,0.99,7222.136059324589,72.95086928610702,0.9563976648919066,0.9028341863947308,0.8276121494934681,0.8156121034375133,0.9028903599260788,0.8276914447025181,1.421090637840776,5.0,7.79,ok,
whuhi_longkou,20,51,SOP-SSFCM_r2,0.99,7222.136059324589,72.95086928610702,0.9565519875173976,0.9154930955852848,0.8444922936785875,0.8270129337521092,0.915533240116944,0.8445532559802242,1.7140673447345411,5.0,7.81,ok,
whuhi_longkou,20,51,Softmax,,,,,0.8559223338976913,0.7554092995141981,0.7511066813946083,0.8560295684993791,0.7555578269750034,2.090106994839929,,7.02,ok,
whuhi_longkou,40,42,SOP-SSFCM_r0,0.99,11682.98611144726,118.0099607216896,0.9516697214895536,0.9221282973033862,0.8265527823752044,0.8238847163236322,0.9222262420431988,0.8267640906397328,1.4254166034439046,5.0,14.07,ok,
whuhi_longkou,40,42,SOP-SSFCM_r1,0.99,11682.98611144726,118.0099607216896,0.9463403670042206,0.9553584547119728,0.8866939662157649,0.8930603184302418,0.9553930244155234,0.886808408337307,1.9188719242741283,5.0,14.14,ok,
whuhi_longkou,40,42,SOP-SSFCM_r2,0.99,11682.98611144726,118.0099607216896,0.9443853616111376,0.9628272815429372,0.9018770447809134,0.9086957813178252,0.962819372060506,0.9019123329747126,2.224640894362801,5.0,14.15,ok,
whuhi_longkou,40,42,Softmax,,,,,0.922187068399761,0.8265321760221732,0.8239085820445714,0.9222897986721552,0.8267457811644869,2.1575577311104546,,12.51,ok,
whuhi_longkou,40,43,SOP-SSFCM_r0,0.99,8216.263345347756,82.9925590439168,0.946762846990638,0.9335249924087334,0.8508375522892606,0.8458049153338602,0.9335979896549365,0.8509901970295178,1.74469855734155,5.0,14.07,ok,
whuhi_longkou,40,43,SOP-SSFCM_r1,0.99,8216.263345347756,82.9925590439168,0.9404266335012162,0.9636157937526324,0.907064104908842,0.9139806002037156,0.96361627440819,0.9070843183593206,2.909407687404661,5.0,14.14,ok,
whuhi_longkou,40,43,SOP-SSFCM_r2,0.99,8216.263345347756,82.9925590439168,0.938417013240866,0.968856216512719,0.9182757742247836,0.9255926175506668,0.9688425848969894,0.9182736775770806,3.1889183914496235,5.0,14.16,ok,
whuhi_longkou,40,43,Softmax,,,,,0.933892311761076,0.8513092406222731,0.8462860128005708,0.9339646625143002,0.8514613299218924,2.289521123165328,,12.51,ok,
whuhi_longkou,40,44,SOP-SSFCM_r0,0.99,8519.921223271609,86.05981033607694,0.9606842331661376,0.9279123527049395,0.8358958486273911,0.8473934098008727,0.9279561165921912,0.8360164429614493,7.402613640741649,5.0,14.04,ok,
whuhi_longkou,40,44,SOP-SSFCM_r1,0.99,8519.921223271609,86.05981033607694,0.9556500915954236,0.9616910403463576,0.9066323438393878,0.9138473726958448,0.9616753527392908,0.9066068110110008,9.514633883688797,5.0,14.1,ok,
whuhi_longkou,40,44,SOP-SSFCM_r2,0.99,8519.921223271609,86.05981033607694,0.9540068306814132,0.9661576436708428,0.9175203394727244,0.9230313474975796,0.9661389836806132,0.9174942492809968,9.777663914439644,5.0,14.12,ok,
whuhi_longkou,40,44,Softmax,,,,,0.9285049612600524,0.8365450785223646,0.8484294645857172,0.9285476821386316,0.8366651946770471,9.617476755315378,,12.56,ok,
whuhi_longkou,40,45,SOP-SSFCM_r0,0.99,8169.908929335274,82.52433261954829,0.9395048745469176,0.9097814694733132,0.8181987843245292,0.8102898957967567,0.9099207008829484,0.8184459031182021,6.9948540761726745,5.0,14.03,ok,
whuhi_longkou,40,45,SOP-SSFCM_r1,0.99,8169.908929335274,82.52433261954829,0.9365368027470932,0.9399114515481286,0.8735821855339747,0.8653332793921296,0.939968319464951,0.8737010680236463,10.337671019737668,5.0,14.12,ok,
whuhi_longkou,40,45,SOP-SSFCM_r2,0.99,8169.908929335274,82.52433261954829,0.9348217933001498,0.9485948810375058,0.8875462770501323,0.8805081621749966,0.948631576888854,0.8876316166795017,10.222460351953156,5.0,14.13,ok,
whuhi_longkou,40,45,Softmax,,,,,0.9101291984601972,0.8184205123087887,0.8105468417937787,0.9102727068279376,0.8186813180156577,10.94473167141864,,12.47,ok,
whuhi_longkou,40,46,SOP-SSFCM_r0,0.99,8339.948469386705,84.24190373117892,0.9485937068326584,0.9058878843384824,0.8178385599314096,0.8143994392264455,0.905994856802026,0.8180219739957187,5.203375043317963,5.0,14.03,ok,
whuhi_longkou,40,46,SOP-SSFCM_r1,0.99,8339.948469386705,84.24190373117892,0.9439198047467962,0.941659891665279,0.8792731207702134,0.87599762141698,0.9417039043326064,0.8793560709285715,7.438177408589946,5.0,14.22,ok,
whuhi_longkou,40,46,SOP-SSFCM_r2,0.99,8339.948469386705,84.24190373117892,0.94246418282232,0.9503041404237396,0.8935291376374475,0.8914696232597917,0.9503329389563024,0.8936002317772583,8.33557399776112,5.0,14.23,ok,
whuhi_longkou,40,46,Softmax,,,,,0.9061768422289918,0.8180449803270079,0.8149093407299036,0.9062833061180589,0.8182284986158185,6.443624671994373,,12.43,ok,
whuhi_longkou,40,47,SOP-SSFCM_r0,0.99,7546.0477056401,76.22270409737482,0.9428297420502932,0.9129404159034586,0.8199144101488658,0.8095804142270463,0.913064309530561,0.8201505311485509,1.854275879733828,5.0,14.12,ok,
whuhi_longkou,40,47,SOP-SSFCM_r1,0.99,7546.0477056401,76.22270409737482,0.9378177920547638,0.9447649645904144,0.876944948659924,0.8674304578952542,0.9448328460658448,0.8770862857649177,1.6916876632473397,5.0,14.09,ok,
whuhi_longkou,40,47,SOP-SSFCM_r2,0.99,7546.0477056401,76.22270409737482,0.936607368687576,0.95058330313152,0.887724875016585,0.8770343598387894,0.9506067213579608,0.8877972817465152,1.9896205638609863,5.0,14.1,ok,
whuhi_longkou,40,47,Softmax,,,,,0.913185295471687,0.8200689508058774,0.8098360435691875,0.9133087581034702,0.8203051785505769,2.471913404533585,,12.47,ok,
whuhi_longkou,40,48,SOP-SSFCM_r0,0.99,8405.375464131148,84.90278246597126,0.9489138646680628,0.9151835127484304,0.8212665326792682,0.8266207018409533,0.9152936805154932,0.8214962008352791,16.14843441293057,5.0,14.14,ok,
whuhi_longkou,40,48,SOP-SSFCM_r1,0.99,8405.375464131148,84.90278246597126,0.9447057161225192,0.953781430292582,0.8942989775876483,0.8964881972853848,0.9537992197201552,0.8943514297670274,4.034535418018458,5.0,14.17,ok,
whuhi_longkou,40,48,SOP-SSFCM_r2,0.99,8405.375464131148,84.90278246597126,0.9424544822197696,0.9608045763093712,0.9080498539526874,0.9101302305074636,0.9607953378768176,0.9080403510491768,5.10072092719837,5.0,14.18,ok,
whuhi_longkou,40,48,Softmax,,,,,0.9154381874993878,0.8214561140599551,0.827257004339307,0.9155479070313188,0.8216859086901132,23.02932094128812,,12.49,ok,
whuhi_longkou,40,49,SOP-SSFCM_r0,0.99,10212.142850436512,103.15295808521738,0.954937572085268,0.9238081711414328,0.8288745016204319,0.8249970984119529,0.9238836033675236,0.8290614100700943,12.698055138915834,5.0,14.11,ok,
whuhi_longkou,40,49,SOP-SSFCM_r1,0.99,10212.142850436512,103.15295808521738,0.9499333059615204,0.9556621053765758,0.8912725524586278,0.8958402728512345,0.9556619178457236,0.8913202907976207,15.51008421934292,5.0,14.1,ok,
whuhi_longkou,40,49,SOP-SSFCM_r2,0.99,10212.142850436512,103.15295808521738,0.9476969075768924,0.9606625461597986,0.902639072897072,0.9058467616606042,0.960648668733072,0.9026678674483052,15.85981182968089,5.0,14.12,ok,
whuhi_longkou,40,49,Softmax,,,,,0.9239550988823696,0.8287202043691129,0.8251053976594241,0.9240302725112692,0.8289076351934102,13.817483376086056,,12.49,ok,
whuhi_longkou,40,50,SOP-SSFCM_r0,0.99,8357.00944830865,84.4142368516026,0.946878871577751,0.9009315218775408,0.8127009432434849,0.8002005658509026,0.9010814404865504,0.8129455490202403,1.9812933019341723,5.0,14.1,ok,
whuhi_longkou,40,50,SOP-SSFCM_r1,0.99,8357.00944830865,84.4142368516026,0.9422806643985808,0.9244007796965452,0.8655473465279038,0.8486732709136686,0.924480057885422,0.8656394323075919,1.5011134295002369,5.0,14.2,ok,
whuhi_longkou,40,50,SOP-SSFCM_r2,0.99,8357.00944830865,84.4142368516026,0.940720517112504,0.928034792489054,0.8765048345637276,0.8557951215872203,0.9280881188215624,0.8765652703674472,1.5459952773645314,5.0,14.22,ok,
whuhi_longkou,40,50,Softmax,,,,,0.9009853953825508,0.8126443734219968,0.8003351889343067,0.9011352191725904,0.8128893645494074,1.645697284905014,,12.46,ok,
whuhi_longkou,40,51,SOP-SSFCM_r0,0.99,7782.178240708296,78.60786101725559,0.9404070602725932,0.9195325738801656,0.8299085557368251,0.8253169629549554,0.9196448651132776,0.8301283739915903,1.1618885569331572,5.0,13.99,ok,
whuhi_longkou,40,51,SOP-SSFCM_r1,0.99,7782.178240708296,78.60786101725559,0.9332128099642328,0.946885621651272,0.8804203566591309,0.8861575340408085,0.9469399927643224,0.8805596676592405,1.1972842405160171,5.0,14.17,ok,
whuhi_longkou,40,51,SOP-SSFCM_r2,0.99,7782.178240708296,78.60786101725559,0.931172798225212,0.9524982613550655,0.8919466043140016,0.899181331602709,0.9525329761124854,0.8920612317849832,1.42561233750487,5.0,14.19,ok,
whuhi_longkou,40,51,Softmax,,,,,0.9197970438138524,0.8302042904929874,0.8257966279074898,0.9199137585434776,0.8304284602379436,1.4966056667673302,,12.55,ok,
whuhi_longkou,60,42,SOP-SSFCM_r0,0.99,9024.204256289722,91.15357834636092,0.9391691221580748,0.931677140420192,0.8468482290248713,0.8524268679126115,0.931813515072699,0.84715131600719,4.644713266719369,5.0,20.17,ok,
whuhi_longkou,60,42,SOP-SSFCM_r1,0.99,9024.204256289722,91.15357834636092,0.9337757580688608,0.9577111989098146,0.90119537334991,0.9115642950479592,0.9577739535156594,0.9013539109531064,3.476335836187218,5.0,20.34,ok,
whuhi_longkou,60,42,SOP-SSFCM_r2,0.99,9024.204256289722,91.15357834636092,0.9326100203894518,0.9607258752365172,0.9097361094706709,0.9179128488069216,0.960756226105152,0.9098203766605968,4.347110434516845,5.0,20.36,ok,
whuhi_longkou,60,42,Softmax,,,,,0.9316624346820128,0.8467497557474009,0.8525407633888425,0.9317988481583244,0.8470534462895543,5.787707182392913,,17.89,ok,
whuhi_longkou,60,43,SOP-SSFCM_r0,0.99,8167.0494236309405,82.49544872354492,0.9454262764341302,0.931677140420192,0.8446123942853366,0.8549517125141997,0.9317792922724916,0.8448723536927645,2.090292052071563,5.0,20.12,ok,
whuhi_longkou,60,43,SOP-SSFCM_r1,0.99,8167.0494236309405,82.49544872354492,0.9401687052767744,0.9534612405760728,0.8930648870807291,0.9065717318266352,0.9534863255468314,0.8931692465769094,4.8236391450284986,5.0,20.18,ok,
whuhi_longkou,60,43,SOP-SSFCM_r2,0.99,8167.0494236309405,82.49544872354492,0.9386616198073072,0.956397486299154,0.901007794816618,0.9116346523714928,0.9563805966500768,0.9010232888494152,6.054265300098799,5.0,20.2,ok,
whuhi_longkou,60,43,Softmax,,,,,0.931932039881962,0.8448491080267595,0.8554762527612557,0.9320335187883172,0.845108909872195,2.792577068760759,,17.88,ok,
whuhi_longkou,60,44,SOP-SSFCM_r0,0.99,7986.403530115927,80.67074272844378,0.940875542458718,0.927892863795453,0.8388811729205502,0.8459583813816492,0.9280147842496896,0.8391680412810313,1.215723420528198,5.0,20.07,ok,
whuhi_longkou,60,44,SOP-SSFCM_r1,0.99,7986.403530115927,80.67074272844378,0.931760172259968,0.9586229546769148,0.9009425486260716,0.9055047618342278,0.9586295235208416,0.9010217111198688,1.788396178926032,5.0,20.18,ok,
whuhi_longkou,60,44,SOP-SSFCM_r2,0.99,7986.403530115927,80.67074272844378,0.9289193478069898,0.9638189821668416,0.911519186411291,0.9162128082121312,0.963802055323601,0.9115508770966456,2.053002581238165,5.0,20.2,ok,
whuhi_longkou,60,44,Softmax,,,,,0.9281967823844864,0.8391913591590137,0.8465029879596552,0.928317900480097,0.8394782168011051,1.838262005501277,,17.88,ok,
whuhi_longkou,60,45,SOP-SSFCM_r0,0.99,8513.520805367589,85.99515965017774,0.93945631501676,0.9320153723983098,0.8431712108097352,0.8512891616049744,0.9321264092460227,0.8434492019161717,1.5154423482801598,5.0,20.12,ok,
whuhi_longkou,60,45,SOP-SSFCM_r1,0.99,8513.520805367589,85.99515965017774,0.9287399768859108,0.9603043107420516,0.9032593389812678,0.9137921854534482,0.96033088558829,0.9033763021332172,2.243329448410307,5.0,20.29,ok,
whuhi_longkou,60,45,SOP-SSFCM_r2,0.99,8513.520805367589,85.99515965017774,0.92559105231608,0.9650885775629652,0.9138351681476348,0.9247234615792764,0.9650927437885618,0.9139068767257744,2.724015462689133,5.0,20.31,ok,
whuhi_longkou,60,45,Softmax,,,,,0.93221635082009,0.8433445354835215,0.851769058955555,0.9323317460472664,0.8436361401926564,2.413969314984997,,17.98,ok,
whuhi_longkou,60,46,SOP-SSFCM_r0,0.99,9354.330567720956,94.48818755273705,0.948344268696726,0.93771629689905,0.8563504595943894,0.8618430280155828,0.9378171720233496,0.8566083952701348,7.768900051238993,5.0,20.3,ok,
whuhi_longkou,60,46,SOP-SSFCM_r1,0.99,9354.330567720956,94.48818755273705,0.9427796585783356,0.9614268487563848,0.9079742518967882,0.9121908899788717,0.961440682109298,0.9080392312711042,6.58157919254546,5.0,20.15,ok,
whuhi_longkou,60,46,SOP-SSFCM_r2,0.99,9354.330567720956,94.48818755273705,0.9413969387856068,0.9647013264575838,0.9157170397298772,0.9172563455095472,0.964701626071907,0.9157843479644824,6.5704800679384325,5.0,20.17,ok,
whuhi_longkou,60,46,Softmax,,,,,0.9379810001862728,0.8566999821088218,0.8623123023985784,0.9380811764820915,0.8569573308901035,8.472039968527078,,18.03,ok,
whuhi_longkou,60,47,SOP-SSFCM_r0,0.99,8348.206167700868,84.32531482526136,0.9444566233628856,0.9311232242821148,0.847129400380704,0.8503707732448977,0.9312463943835496,0.8474125309946106,6.147536401537023,5.0,20.25,ok,
whuhi_longkou,60,47,SOP-SSFCM_r1,0.99,8348.206167700868,84.32531482526136,0.936951409749672,0.9523779178635504,0.8952702338060958,0.9001673408828962,0.9524303077118637,0.8953923866108477,7.030213007231788,5.0,20.16,ok,
whuhi_longkou,60,47,SOP-SSFCM_r2,0.99,8348.206167700868,84.32531482526136,0.9355051391488444,0.9553386731502632,0.9039310538708324,0.9062748412453592,0.9553783575011487,0.9040365911314724,7.881707966283199,5.0,20.18,ok,
whuhi_longkou,60,47,Softmax,,,,,0.9313438103548004,0.8473297926997063,0.8507469128379063,0.931466398099168,0.8476126169190958,7.764479135412754,,18.0,ok,
whuhi_longkou,60,48,SOP-SSFCM_r0,0.99,10217.376734881938,103.20582560486817,0.9571298460172418,0.9343928000705876,0.8537384118690247,0.8563459668010431,0.9344975604032424,0.8539653367018588,1.5502937415333662,5.0,20.25,ok,
whuhi_longkou,60,48,SOP-SSFCM_r1,0.99,10217.376734881938,103.20582560486817,0.9521724067694496,0.963201341163322,0.910982218424742,0.9101384155960968,0.9632202677200772,0.9110478806122894,1.2745399260055623,5.0,20.2,ok,
whuhi_longkou,60,48,SOP-SSFCM_r2,0.99,10217.376734881938,103.20582560486817,0.9508140522229792,0.9676767874824757,0.918848470462553,0.9169714736204252,0.9676790096899416,0.9188986575697218,1.4951923745746778,5.0,20.22,ok,
whuhi_longkou,60,48,Softmax,,,,,0.9346624052705366,0.8540005936489186,0.8567411941740282,0.9347664538334424,0.8542272187845441,1.988436852685596,,17.99,ok,
whuhi_longkou,60,49,SOP-SSFCM_r0,0.99,8673.980861869151,87.61596830170868,0.9516689129755252,0.9216527288948148,0.8368480970088483,0.8396825638145882,0.9217911235834204,0.8371227043717877,2.901191332367421,5.0,20.2,ok,
whuhi_longkou,60,49,SOP-SSFCM_r1,0.99,8673.980861869151,87.61596830170868,0.9458509902930692,0.9556720032156548,0.9006558618123952,0.8995978668057545,0.9556961406459308,0.9007048119023482,5.304022467887376,5.0,20.35,ok,
whuhi_longkou,60,49,SOP-SSFCM_r2,0.99,8673.980861869151,87.61596830170868,0.9437946447170494,0.9612405760727836,0.909624812862336,0.9097149293736084,0.9612500122224288,0.9096744676578642,5.413569814115962,5.0,20.36,ok,
whuhi_longkou,60,49,Softmax,,,,,0.9219321379202164,0.8371270588187275,0.8400417553891691,0.9220697949565372,0.8374013801906488,5.163845195116921,,17.88,ok,
whuhi_longkou,60,50,SOP-SSFCM_r0,0.99,7537.629678364874,76.13767351883718,0.9447783522026064,0.9156969049323046,0.8276639494628746,0.8246123369776976,0.915870579147559,0.8279913778706897,6.547079806841669,5.0,20.18,ok,
whuhi_longkou,60,50,SOP-SSFCM_r1,0.99,7537.629678364874,76.13767351883718,0.9372037982811176,0.9446132881050184,0.8829306415608018,0.8824841004701791,0.944681287950641,0.8830759700638122,10.564049274832442,5.0,20.28,ok,
whuhi_longkou,60,50,SOP-SSFCM_r2,0.99,7537.629678364874,76.13767351883718,0.9350667614226778,0.9484171723806628,0.8910636834859568,0.8902212324287253,0.9484409070019848,0.8911553568255864,11.317393747520784,5.0,20.3,ok,
whuhi_longkou,60,50,Softmax,,,,,0.9158782757031794,0.8278139645972221,0.8250281345570777,0.9160514710915116,0.828141761070078,6.498756653521831,,17.85,ok,
whuhi_longkou,60,51,SOP-SSFCM_r0,0.99,9242.732106610834,93.3609303698065,0.9542849148412574,0.9370153233791826,0.8551691726023505,0.8616037896626593,0.937108271161913,0.8553895872184016,1.9672292690311428,5.0,20.09,ok,
whuhi_longkou,60,51,SOP-SSFCM_r1,0.99,9242.732106610834,93.3609303698065,0.9480749228088304,0.9610837148655406,0.9078425530918074,0.9173955636239356,0.9610886761643086,0.9078806893729424,3.3025928308006764,5.0,20.15,ok,
whuhi_longkou,60,51,SOP-SSFCM_r2,0.99,9242.732106610834,93.3609303698065,0.9468143652756904,0.9651621062538602,0.9182559302090324,0.926745278389649,0.9651465224746018,0.9182723971926068,4.040896604980967,5.0,20.16,ok,
whuhi_longkou,60,51,Softmax,,,,,0.9373241438809424,0.8555397276490052,0.8621551075743105,0.9374162763637786,0.8557599621002256,2.430256763094509,,17.9,ok,
